"REF_DATE","GEO","DGUID","Statistical measures","Long-run variables","UOM","UOM_ID","SCALAR_FACTOR","SCALAR_ID","VECTOR","COORDINATE","VALUE","STATUS","SYMBOL","TERMINATED","DECIMALS"
"2000","Canada","2016A11124","Linked data","Household income per capita","Dollars","81","units","0","v1000000000","1.1.1","27953.6","A","","","1"
"2001","Canada","2016A11124","Linked data","Household income per capita","Dollars","81","units","0","v1000000000","1.1.1","28990.3","A","","","1"
"2002","Canada","2016A11124","Linked data","Household income per capita","Dollars","81","units","0","v1000000000","1.1.1","29463.0","A","","","1"
"2003","Canada","2016A11124","Linked data","Household income per capita","Dollars","81","units","0","v1000000000","1.1.1","30197.3","A","","","1"
"2004","Canada","2016A11124","Linked data","Household income per capita","Dollars","81","units","0","v1000000000","1.1.1","31558.9","A","","","1"
"2005","Canada","2016A11124","Linked data","Household income per capita","Dollars","81","units","0","v1000000000","1.1.1","32846.2","A","","","1"
"2006","Canada","2016A11124","Linked data","Household income per capita","Dollars","81","units","0","v1000000000","1.1.1","34731.1","A","","","1"
"2007","Canada","2016A11124","Linked data","Household income per capita","Dollars","81","units","0","v1000000000","1.1.1","36614.5","A","","","1"
"2008","Canada","2016A11124","Linked data","Household income per capita","Dollars","81","units","0","v1000000000","1.1.1","37845.0","A","","","1"
"2009","Canada","2016A11124","Linked data","Household income per capita","Dollars","81","units","0","v1000000000","1.1.1","37648.9","A","","","1"
"2010","Canada","2016A11124","Linked data","Household income per capita","Dollars","81","units","0","v1000000000","1.1.1","38639.0","A","","","1"
"2011","Canada","2016A11124","Linked data","Household income per capita","Dollars","81","units","0","v1000000000","1.1.1","40158.1","A","","","1"
"2012","Canada","2016A11124","Linked data","Household income per capita","Dollars","81","units","0","v1000000000","1.1.1","41462.0","A","","","1"
"2013","Canada","2016A11124","Linked data","Household income per capita","Dollars","81","units","0","v1000000000","1.1.1","42666.1","A","","","1"
"2014","Canada","2016A11124","Linked data","Household income per capita","Dollars","81","units","0","v1000000000","1.1.1","43781.5","A","","","1"
"2015","Canada","2016A11124","Linked data","Household income per capita","Dollars","81","units","0","v1000000000","1.1.1","45512.7","A","","","1"
"2016","Canada","2016A11124","Linked data","Household income per capita","Dollars","81","units","0","v1000000000","1.1.1","45970.7","A","","","1"
"2000","Canada","2016A11124","Linked data","Unemployment rate","Percent","239","units","0","v1014028895","1.1.7","6.8","A","","","1"
"2001","Canada","2016A11124","Linked data","Unemployment rate","Percent","239","units","0","v1014028895","1.1.7","7.2","A","","","1"
"2002","Canada","2016A11124","Linked data","Unemployment rate","Percent","239","units","0","v1014028895","1.1.7","7.7","A","","","1"
"2003","Canada","2016A11124","Linked data","Unemployment rate","Percent","239","units","0","v1014028895","1.1.7","7.6","A","","","1"
"2004","Canada","2016A11124","Linked data","Unemployment rate","Percent","239","units","0","v1014028895","1.1.7","7.2","A","","","1"
"2005","Canada","2016A11124","Linked data","Unemployment rate","Percent","239","units","0","v1014028895","1.1.7","6.8","A","","","1"
"2006","Canada","2016A11124","Linked data","Unemployment rate","Percent","239","units","0","v1014028895","1.1.7","6.3","A","","","1"
"2007","Canada","2016A11124","Linked data","Unemployment rate","Percent","239","units","0","v1014028895","1.1.7","6.0","A","","","1"
"2008","Canada","2016A11124","Linked data","Unemployment rate","Percent","239","units","0","v1014028895","1.1.7","6.1","A","","","1"
"2009","Canada","2016A11124","Linked data","Unemployment rate","Percent","239","units","0","v1014028895","1.1.7","8.3","A","","","1"
"2010","Canada","2016A11124","Linked data","Unemployment rate","Percent","239","units","0","v1014028895","1.1.7","8.0","A","","","1"
"2011","Canada","2016A11124","Linked data","Unemployment rate","Percent","239","units","0","v1014028895","1.1.7","7.5","A","","","1"
"2012","Canada","2016A11124","Linked data","Unemployment rate","Percent","239","units","0","v1014028895","1.1.7","7.3","A","","","1"
"2013","Canada","2016A11124","Linked data","Unemployment rate","Percent","239","units","0","v1014028895","1.1.7","7.1","A","","","1"
"2014","Canada","2016A11124","Linked data","Unemployment rate","Percent","239","units","0","v1014028895","1.1.7","6.9","A","","","1"
"2015","Canada","2016A11124","Linked data","Unemployment rate","Percent","239","units","0","v1014028895","1.1.7","6.9","A","","","1"
"2016","Canada","2016A11124","Linked data","Unemployment rate","Percent","239","units","0","v1014028895","1.1.7","7.0","A","","","1"
"2000","Newfoundland and Labrador","2016A000210","Linked data","Household income per capita","Dollars","81","units","0","v1000000006","2.1.1","21813.9","A","","","1"
"2001","Newfoundland and Labrador","2016A000210","Linked data","Household income per capita","Dollars","81","units","0","v1000000006","2.1.1","23178.0","A","","","1"
"2002","Newfoundland and Labrador","2016A000210","Linked data","Household income per capita","Dollars","81","units","0","v1000000006","2.1.1","24035.4","A","","","1"
"2003","Newfoundland and Labrador","2016A000210","Linked data","Household income per capita","Dollars","81","units","0","v1000000006","2.1.1","24835.8","A","","","1"
"2004","Newfoundland and Labrador","2016A000210","Linked data","Household income per capita","Dollars","81","units","0","v1000000006","2.1.1","25701.5","A","","","1"
"2005","Newfoundland and Labrador","2016A000210","Linked data","Household income per capita","Dollars","81","units","0","v1000000006","2.1.1","26641.3","A","","","1"
"2006","Newfoundland and Labrador","2016A000210","Linked data","Household income per capita","Dollars","81","units","0","v1000000006","2.1.1","28978.6","A","","","1"
"2007","Newfoundland and Labrador","2016A000210","Linked data","Household income per capita","Dollars","81","units","0","v1000000006","2.1.1","31473.0","A","","","1"
"2008","Newfoundland and Labrador","2016A000210","Linked data","Household income per capita","Dollars","81","units","0","v1000000006","2.1.1","33668.7","A","","","1"
"2009","Newfoundland and Labrador","2016A000210","Linked data","Household income per capita","Dollars","81","units","0","v1000000006","2.1.1","34904.2","A","","","1"
"2010","Newfoundland and Labrador","2016A000210","Linked data","Household income per capita","Dollars","81","units","0","v1000000006","2.1.1","36126.5","A","","","1"
"2011","Newfoundland and Labrador","2016A000210","Linked data","Household income per capita","Dollars","81","units","0","v1000000006","2.1.1","38728.7","A","","","1"
"2012","Newfoundland and Labrador","2016A000210","Linked data","Household income per capita","Dollars","81","units","0","v1000000006","2.1.1","41420.8","A","","","1"
"2013","Newfoundland and Labrador","2016A000210","Linked data","Household income per capita","Dollars","81","units","0","v1000000006","2.1.1","43449.1","A","","","1"
"2014","Newfoundland and Labrador","2016A000210","Linked data","Household income per capita","Dollars","81","units","0","v1000000006","2.1.1","44933.1","A","","","1"
"2015","Newfoundland and Labrador","2016A000210","Linked data","Household income per capita","Dollars","81","units","0","v1000000006","2.1.1","46604.2","A","","","1"
"2016","Newfoundland and Labrador","2016A000210","Linked data","Household income per capita","Dollars","81","units","0","v1000000006","2.1.1","47589.6","A","","","1"
"2000","Newfoundland and Labrador","2016A000210","Linked data","Unemployment rate","Percent","239","units","0","v1014028925","2.1.7","16.6","A","","","1"
"2001","Newfoundland and Labrador","2016A000210","Linked data","Unemployment rate","Percent","239","units","0","v1014028925","2.1.7","16.0","A","","","1"
"2002","Newfoundland and Labrador","2016A000210","Linked data","Unemployment rate","Percent","239","units","0","v1014028925","2.1.7","16.6","A","","","1"
"2003","Newfoundland and Labrador","2016A000210","Linked data","Unemployment rate","Percent","239","units","0","v1014028925","2.1.7","16.5","A","","","1"
"2004","Newfoundland and Labrador","2016A000210","Linked data","Unemployment rate","Percent","239","units","0","v1014028925","2.1.7","15.6","A","","","1"
"2005","Newfoundland and Labrador","2016A000210","Linked data","Unemployment rate","Percent","239","units","0","v1014028925","2.1.7","15.2","A","","","1"
"2006","Newfoundland and Labrador","2016A000210","Linked data","Unemployment rate","Percent","239","units","0","v1014028925","2.1.7","14.7","A","","","1"
"2007","Newfoundland and Labrador","2016A000210","Linked data","Unemployment rate","Percent","239","units","0","v1014028925","2.1.7","13.5","A","","","1"
"2008","Newfoundland and Labrador","2016A000210","Linked data","Unemployment rate","Percent","239","units","0","v1014028925","2.1.7","13.4","A","","","1"
"2009","Newfoundland and Labrador","2016A000210","Linked data","Unemployment rate","Percent","239","units","0","v1014028925","2.1.7","15.6","A","","","1"
"2010","Newfoundland and Labrador","2016A000210","Linked data","Unemployment rate","Percent","239","units","0","v1014028925","2.1.7","14.6","A","","","1"
"2011","Newfoundland and Labrador","2016A000210","Linked data","Unemployment rate","Percent","239","units","0","v1014028925","2.1.7","12.6","A","","","1"
"2012","Newfoundland and Labrador","2016A000210","Linked data","Unemployment rate","Percent","239","units","0","v1014028925","2.1.7","12.3","A","","","1"
"2013","Newfoundland and Labrador","2016A000210","Linked data","Unemployment rate","Percent","239","units","0","v1014028925","2.1.7","11.6","A","","","1"
"2014","Newfoundland and Labrador","2016A000210","Linked data","Unemployment rate","Percent","239","units","0","v1014028925","2.1.7","12.0","A","","","1"
"2015","Newfoundland and Labrador","2016A000210","Linked data","Unemployment rate","Percent","239","units","0","v1014028925","2.1.7","12.8","A","","","1"
"2016","Newfoundland and Labrador","2016A000210","Linked data","Unemployment rate","Percent","239","units","0","v1014028925","2.1.7","13.4","A","","","1"
"2000","Prince Edward Island","2016A000211","Linked data","Household income per capita","Dollars","81","units","0","v1000000012","3.1.1","23045.4","A","","","1"
"2001","Prince Edward Island","2016A000211","Linked data","Household income per capita","Dollars","81","units","0","v1000000012","3.1.1","23656.4","A","","","1"
"2002","Prince Edward Island","2016A000211","Linked data","Household income per capita","Dollars","81","units","0","v1000000012","3.1.1","25022.6","A","","","1"
"2003","Prince Edward Island","2016A000211","Linked data","Household income per capita","Dollars","81","units","0","v1000000012","3.1.1","25251.2","A","","","1"
"2004","Prince Edward Island","2016A000211","Linked data","Household income per capita","Dollars","81","units","0","v1000000012","3.1.1","25929.5","A","","","1"
"2005","Prince Edward Island","2016A000211","Linked data","Household income per capita","Dollars","81","units","0","v1000000012","3.1.1","26806.4","A","","","1"
"2006","Prince Edward Island","2016A000211","Linked data","Household income per capita","Dollars","81","units","0","v1000000012","3.1.1","28252.3","A","","","1"
"2007","Prince Edward Island","2016A000211","Linked data","Household income per capita","Dollars","81","units","0","v1000000012","3.1.1","29988.2","A","","","1"
"2008","Prince Edward Island","2016A000211","Linked data","Household income per capita","Dollars","81","units","0","v1000000012","3.1.1","31297.7","A","","","1"
"2009","Prince Edward Island","2016A000211","Linked data","Household income per capita","Dollars","81","units","0","v1000000012","3.1.1","32285.3","A","","","1"
"2010","Prince Edward Island","2016A000211","Linked data","Household income per capita","Dollars","81","units","0","v1000000012","3.1.1","33420.9","A","","","1"
"2011","Prince Edward Island","2016A000211","Linked data","Household income per capita","Dollars","81","units","0","v1000000012","3.1.1","34254.8","A","","","1"
"2012","Prince Edward Island","2016A000211","Linked data","Household income per capita","Dollars","81","units","0","v1000000012","3.1.1","35518.3","A","","","1"
"2013","Prince Edward Island","2016A000211","Linked data","Household income per capita","Dollars","81","units","0","v1000000012","3.1.1","36260.8","A","","","1"
"2014","Prince Edward Island","2016A000211","Linked data","Household income per capita","Dollars","81","units","0","v1000000012","3.1.1","37199.7","A","","","1"
"2015","Prince Edward Island","2016A000211","Linked data","Household income per capita","Dollars","81","units","0","v1000000012","3.1.1","38265.3","A","","","1"
"2016","Prince Edward Island","2016A000211","Linked data","Household income per capita","Dollars","81","units","0","v1000000012","3.1.1","39505.7","A","","","1"
"2000","Prince Edward Island","2016A000211","Linked data","Unemployment rate","Percent","239","units","0","v1014028955","3.1.7","12.3","A","","","1"
"2001","Prince Edward Island","2016A000211","Linked data","Unemployment rate","Percent","239","units","0","v1014028955","3.1.7","11.9","A","","","1"
"2002","Prince Edward Island","2016A000211","Linked data","Unemployment rate","Percent","239","units","0","v1014028955","3.1.7","11.7","A","","","1"
"2003","Prince Edward Island","2016A000211","Linked data","Unemployment rate","Percent","239","units","0","v1014028955","3.1.7","10.8","A","","","1"
"2004","Prince Edward Island","2016A000211","Linked data","Unemployment rate","Percent","239","units","0","v1014028955","3.1.7","11.2","A","","","1"
"2005","Prince Edward Island","2016A000211","Linked data","Unemployment rate","Percent","239","units","0","v1014028955","3.1.7","10.9","A","","","1"
"2006","Prince Edward Island","2016A000211","Linked data","Unemployment rate","Percent","239","units","0","v1014028955","3.1.7","11.1","A","","","1"
"2007","Prince Edward Island","2016A000211","Linked data","Unemployment rate","Percent","239","units","0","v1014028955","3.1.7","10.2","A","","","1"
"2008","Prince Edward Island","2016A000211","Linked data","Unemployment rate","Percent","239","units","0","v1014028955","3.1.7","10.8","A","","","1"
"2009","Prince Edward Island","2016A000211","Linked data","Unemployment rate","Percent","239","units","0","v1014028955","3.1.7","11.9","A","","","1"
"2010","Prince Edward Island","2016A000211","Linked data","Unemployment rate","Percent","239","units","0","v1014028955","3.1.7","11.5","A","","","1"
"2011","Prince Edward Island","2016A000211","Linked data","Unemployment rate","Percent","239","units","0","v1014028955","3.1.7","11.1","A","","","1"
"2012","Prince Edward Island","2016A000211","Linked data","Unemployment rate","Percent","239","units","0","v1014028955","3.1.7","11.2","A","","","1"
"2013","Prince Edward Island","2016A000211","Linked data","Unemployment rate","Percent","239","units","0","v1014028955","3.1.7","11.4","A","","","1"
"2014","Prince Edward Island","2016A000211","Linked data","Unemployment rate","Percent","239","units","0","v1014028955","3.1.7","10.5","A","","","1"
"2015","Prince Edward Island","2016A000211","Linked data","Unemployment rate","Percent","239","units","0","v1014028955","3.1.7","10.4","A","","","1"
"2016","Prince Edward Island","2016A000211","Linked data","Unemployment rate","Percent","239","units","0","v1014028955","3.1.7","10.7","A","","","1"
"2000","Nova Scotia","2016A000212","Linked data","Household income per capita","Dollars","81","units","0","v1000000018","4.1.1","24607.5","A","","","1"
"2001","Nova Scotia","2016A000212","Linked data","Household income per capita","Dollars","81","units","0","v1000000018","4.1.1","25512.3","A","","","1"
"2002","Nova Scotia","2016A000212","Linked data","Household income per capita","Dollars","81","units","0","v1000000018","4.1.1","26347.5","A","","","1"
"2003","Nova Scotia","2016A000212","Linked data","Household income per capita","Dollars","81","units","0","v1000000018","4.1.1","27010.4","A","","","1"
"2004","Nova Scotia","2016A000212","Linked data","Household income per capita","Dollars","81","units","0","v1000000018","4.1.1","27983.9","A","","","1"
"2005","Nova Scotia","2016A000212","Linked data","Household income per capita","Dollars","81","units","0","v1000000018","4.1.1","29231.3","A","","","1"
"2006","Nova Scotia","2016A000212","Linked data","Household income per capita","Dollars","81","units","0","v1000000018","4.1.1","30502.1","A","","","1"
"2007","Nova Scotia","2016A000212","Linked data","Household income per capita","Dollars","81","units","0","v1000000018","4.1.1","31916.3","A","","","1"
"2008","Nova Scotia","2016A000212","Linked data","Household income per capita","Dollars","81","units","0","v1000000018","4.1.1","33318.9","A","","","1"
"2009","Nova Scotia","2016A000212","Linked data","Household income per capita","Dollars","81","units","0","v1000000018","4.1.1","34119.8","A","","","1"
"2010","Nova Scotia","2016A000212","Linked data","Household income per capita","Dollars","81","units","0","v1000000018","4.1.1","35275.4","A","","","1"
"2011","Nova Scotia","2016A000212","Linked data","Household income per capita","Dollars","81","units","0","v1000000018","4.1.1","36400.3","A","","","1"
"2012","Nova Scotia","2016A000212","Linked data","Household income per capita","Dollars","81","units","0","v1000000018","4.1.1","37442.5","A","","","1"
"2013","Nova Scotia","2016A000212","Linked data","Household income per capita","Dollars","81","units","0","v1000000018","4.1.1","38658.6","A","","","1"
"2014","Nova Scotia","2016A000212","Linked data","Household income per capita","Dollars","81","units","0","v1000000018","4.1.1","39732.2","A","","","1"
"2015","Nova Scotia","2016A000212","Linked data","Household income per capita","Dollars","81","units","0","v1000000018","4.1.1","41036.8","A","","","1"
"2016","Nova Scotia","2016A000212","Linked data","Household income per capita","Dollars","81","units","0","v1000000018","4.1.1","41826.1","A","","","1"
"2000","Nova Scotia","2016A000212","Linked data","Unemployment rate","Percent","239","units","0","v1014028985","4.1.7","9.1","A","","","1"
"2001","Nova Scotia","2016A000212","Linked data","Unemployment rate","Percent","239","units","0","v1014028985","4.1.7","9.8","A","","","1"
"2002","Nova Scotia","2016A000212","Linked data","Unemployment rate","Percent","239","units","0","v1014028985","4.1.7","9.6","A","","","1"
"2003","Nova Scotia","2016A000212","Linked data","Unemployment rate","Percent","239","units","0","v1014028985","4.1.7","9.1","A","","","1"
"2004","Nova Scotia","2016A000212","Linked data","Unemployment rate","Percent","239","units","0","v1014028985","4.1.7","8.8","A","","","1"
"2005","Nova Scotia","2016A000212","Linked data","Unemployment rate","Percent","239","units","0","v1014028985","4.1.7","8.4","A","","","1"
"2006","Nova Scotia","2016A000212","Linked data","Unemployment rate","Percent","239","units","0","v1014028985","4.1.7","7.9","A","","","1"
"2007","Nova Scotia","2016A000212","Linked data","Unemployment rate","Percent","239","units","0","v1014028985","4.1.7","8.0","A","","","1"
"2008","Nova Scotia","2016A000212","Linked data","Unemployment rate","Percent","239","units","0","v1014028985","4.1.7","7.6","A","","","1"
"2009","Nova Scotia","2016A000212","Linked data","Unemployment rate","Percent","239","units","0","v1014028985","4.1.7","9.2","A","","","1"
"2010","Nova Scotia","2016A000212","Linked data","Unemployment rate","Percent","239","units","0","v1014028985","4.1.7","9.6","A","","","1"
"2011","Nova Scotia","2016A000212","Linked data","Unemployment rate","Percent","239","units","0","v1014028985","4.1.7","9.1","A","","","1"
"2012","Nova Scotia","2016A000212","Linked data","Unemployment rate","Percent","239","units","0","v1014028985","4.1.7","9.2","A","","","1"
"2013","Nova Scotia","2016A000212","Linked data","Unemployment rate","Percent","239","units","0","v1014028985","4.1.7","9.0","A","","","1"
"2014","Nova Scotia","2016A000212","Linked data","Unemployment rate","Percent","239","units","0","v1014028985","4.1.7","8.9","A","","","1"
"2015","Nova Scotia","2016A000212","Linked data","Unemployment rate","Percent","239","units","0","v1014028985","4.1.7","8.6","A","","","1"
"2016","Nova Scotia","2016A000212","Linked data","Unemployment rate","Percent","239","units","0","v1014028985","4.1.7","8.4","A","","","1"
"2000","New Brunswick","2016A000213","Linked data","Household income per capita","Dollars","81","units","0","v1000000024","5.1.1","23037.5","A","","","1"
"2001","New Brunswick","2016A000213","Linked data","Household income per capita","Dollars","81","units","0","v1000000024","5.1.1","23695.1","A","","","1"
"2002","New Brunswick","2016A000213","Linked data","Household income per capita","Dollars","81","units","0","v1000000024","5.1.1","24462.9","A","","","1"
"2003","New Brunswick","2016A000213","Linked data","Household income per capita","Dollars","81","units","0","v1000000024","5.1.1","25213.7","A","","","1"
"2004","New Brunswick","2016A000213","Linked data","Household income per capita","Dollars","81","units","0","v1000000024","5.1.1","26307.4","A","","","1"
"2005","New Brunswick","2016A000213","Linked data","Household income per capita","Dollars","81","units","0","v1000000024","5.1.1","27232.4","A","","","1"
"2006","New Brunswick","2016A000213","Linked data","Household income per capita","Dollars","81","units","0","v1000000024","5.1.1","28781.8","A","","","1"
"2007","New Brunswick","2016A000213","Linked data","Household income per capita","Dollars","81","units","0","v1000000024","5.1.1","31032.7","A","","","1"
"2008","New Brunswick","2016A000213","Linked data","Household income per capita","Dollars","81","units","0","v1000000024","5.1.1","32793.5","A","","","1"
"2009","New Brunswick","2016A000213","Linked data","Household income per capita","Dollars","81","units","0","v1000000024","5.1.1","33351.4","A","","","1"
"2010","New Brunswick","2016A000213","Linked data","Household income per capita","Dollars","81","units","0","v1000000024","5.1.1","34340.6","A","","","1"
"2011","New Brunswick","2016A000213","Linked data","Household income per capita","Dollars","81","units","0","v1000000024","5.1.1","35527.4","A","","","1"
"2012","New Brunswick","2016A000213","Linked data","Household income per capita","Dollars","81","units","0","v1000000024","5.1.1","36693.8","A","","","1"
"2013","New Brunswick","2016A000213","Linked data","Household income per capita","Dollars","81","units","0","v1000000024","5.1.1","37724.8","A","","","1"
"2014","New Brunswick","2016A000213","Linked data","Household income per capita","Dollars","81","units","0","v1000000024","5.1.1","38908.2","A","","","1"
"2015","New Brunswick","2016A000213","Linked data","Household income per capita","Dollars","81","units","0","v1000000024","5.1.1","40007.0","A","","","1"
"2016","New Brunswick","2016A000213","Linked data","Household income per capita","Dollars","81","units","0","v1000000024","5.1.1","41602.4","A","","","1"
"2000","New Brunswick","2016A000213","Linked data","Unemployment rate","Percent","239","units","0","v1014029015","5.1.7","10.0","A","","","1"
"2001","New Brunswick","2016A000213","Linked data","Unemployment rate","Percent","239","units","0","v1014029015","5.1.7","11.2","A","","","1"
"2002","New Brunswick","2016A000213","Linked data","Unemployment rate","Percent","239","units","0","v1014029015","5.1.7","10.2","A","","","1"
"2003","New Brunswick","2016A000213","Linked data","Unemployment rate","Percent","239","units","0","v1014029015","5.1.7","10.2","A","","","1"
"2004","New Brunswick","2016A000213","Linked data","Unemployment rate","Percent","239","units","0","v1014029015","5.1.7","9.7","A","","","1"
"2005","New Brunswick","2016A000213","Linked data","Unemployment rate","Percent","239","units","0","v1014029015","5.1.7","9.7","A","","","1"
"2006","New Brunswick","2016A000213","Linked data","Unemployment rate","Percent","239","units","0","v1014029015","5.1.7","8.7","A","","","1"
"2007","New Brunswick","2016A000213","Linked data","Unemployment rate","Percent","239","units","0","v1014029015","5.1.7","7.5","A","","","1"
"2008","New Brunswick","2016A000213","Linked data","Unemployment rate","Percent","239","units","0","v1014029015","5.1.7","8.5","A","","","1"
"2009","New Brunswick","2016A000213","Linked data","Unemployment rate","Percent","239","units","0","v1014029015","5.1.7","8.6","A","","","1"
"2010","New Brunswick","2016A000213","Linked data","Unemployment rate","Percent","239","units","0","v1014029015","5.1.7","9.2","A","","","1"
"2011","New Brunswick","2016A000213","Linked data","Unemployment rate","Percent","239","units","0","v1014029015","5.1.7","9.5","A","","","1"
"2012","New Brunswick","2016A000213","Linked data","Unemployment rate","Percent","239","units","0","v1014029015","5.1.7","10.3","A","","","1"
"2013","New Brunswick","2016A000213","Linked data","Unemployment rate","Percent","239","units","0","v1014029015","5.1.7","10.3","A","","","1"
"2014","New Brunswick","2016A000213","Linked data","Unemployment rate","Percent","239","units","0","v1014029015","5.1.7","9.9","A","","","1"
"2015","New Brunswick","2016A000213","Linked data","Unemployment rate","Percent","239","units","0","v1014029015","5.1.7","9.7","A","","","1"
"2016","New Brunswick","2016A000213","Linked data","Unemployment rate","Percent","239","units","0","v1014029015","5.1.7","9.6","A","","","1"
"2000","Quebec","2016A000224","Linked data","Household income per capita","Dollars","81","units","0","v1000000030","6.1.1","26059.4","A","","","1"
"2001","Quebec","2016A000224","Linked data","Household income per capita","Dollars","81","units","0","v1000000030","6.1.1","27170.7","A","","","1"
"2002","Quebec","2016A000224","Linked data","Household income per capita","Dollars","81","units","0","v1000000030","6.1.1","27791.0","A","","","1"
"2003","Quebec","2016A000224","Linked data","Household income per capita","Dollars","81","units","0","v1000000030","6.1.1","28718.8","A","","","1"
"2004","Quebec","2016A000224","Linked data","Household income per capita","Dollars","81","units","0","v1000000030","6.1.1","29914.2","A","","","1"
"2005","Quebec","2016A000224","Linked data","Household income per capita","Dollars","81","units","0","v1000000030","6.1.1","30727.0","A","","","1"
"2006","Quebec","2016A000224","Linked data","Household income per capita","Dollars","81","units","0","v1000000030","6.1.1","32180.0","A","","","1"
"2007","Quebec","2016A000224","Linked data","Household income per capita","Dollars","81","units","0","v1000000030","6.1.1","33341.2","A","","","1"
"2008","Quebec","2016A000224","Linked data","Household income per capita","Dollars","81","units","0","v1000000030","6.1.1","34572.8","A","","","1"
"2009","Quebec","2016A000224","Linked data","Household income per capita","Dollars","81","units","0","v1000000030","6.1.1","34542.3","A","","","1"
"2010","Quebec","2016A000224","Linked data","Household income per capita","Dollars","81","units","0","v1000000030","6.1.1","35452.1","A","","","1"
"2011","Quebec","2016A000224","Linked data","Household income per capita","Dollars","81","units","0","v1000000030","6.1.1","36861.5","A","","","1"
"2012","Quebec","2016A000224","Linked data","Household income per capita","Dollars","81","units","0","v1000000030","6.1.1","38149.8","A","","","1"
"2013","Quebec","2016A000224","Linked data","Household income per capita","Dollars","81","units","0","v1000000030","6.1.1","38867.9","A","","","1"
"2014","Quebec","2016A000224","Linked data","Household income per capita","Dollars","81","units","0","v1000000030","6.1.1","39865.3","A","","","1"
"2015","Quebec","2016A000224","Linked data","Household income per capita","Dollars","81","units","0","v1000000030","6.1.1","41191.7","A","","","1"
"2016","Quebec","2016A000224","Linked data","Household income per capita","Dollars","81","units","0","v1000000030","6.1.1","42200.8","A","","","1"
"2000","Quebec","2016A000224","Linked data","Unemployment rate","Percent","239","units","0","v1014029045","6.1.7","8.5","A","","","1"
"2001","Quebec","2016A000224","Linked data","Unemployment rate","Percent","239","units","0","v1014029045","6.1.7","8.7","A","","","1"
"2002","Quebec","2016A000224","Linked data","Unemployment rate","Percent","239","units","0","v1014029045","6.1.7","8.7","A","","","1"
"2003","Quebec","2016A000224","Linked data","Unemployment rate","Percent","239","units","0","v1014029045","6.1.7","9.2","A","","","1"
"2004","Quebec","2016A000224","Linked data","Unemployment rate","Percent","239","units","0","v1014029045","6.1.7","8.5","A","","","1"
"2005","Quebec","2016A000224","Linked data","Unemployment rate","Percent","239","units","0","v1014029045","6.1.7","8.2","A","","","1"
"2006","Quebec","2016A000224","Linked data","Unemployment rate","Percent","239","units","0","v1014029045","6.1.7","8.0","A","","","1"
"2007","Quebec","2016A000224","Linked data","Unemployment rate","Percent","239","units","0","v1014029045","6.1.7","7.2","A","","","1"
"2008","Quebec","2016A000224","Linked data","Unemployment rate","Percent","239","units","0","v1014029045","6.1.7","7.3","A","","","1"
"2009","Quebec","2016A000224","Linked data","Unemployment rate","Percent","239","units","0","v1014029045","6.1.7","8.6","A","","","1"
"2010","Quebec","2016A000224","Linked data","Unemployment rate","Percent","239","units","0","v1014029045","6.1.7","8.0","A","","","1"
"2011","Quebec","2016A000224","Linked data","Unemployment rate","Percent","239","units","0","v1014029045","6.1.7","7.8","A","","","1"
"2012","Quebec","2016A000224","Linked data","Unemployment rate","Percent","239","units","0","v1014029045","6.1.7","7.7","A","","","1"
"2013","Quebec","2016A000224","Linked data","Unemployment rate","Percent","239","units","0","v1014029045","6.1.7","7.6","A","","","1"
"2014","Quebec","2016A000224","Linked data","Unemployment rate","Percent","239","units","0","v1014029045","6.1.7","7.8","A","","","1"
"2015","Quebec","2016A000224","Linked data","Unemployment rate","Percent","239","units","0","v1014029045","6.1.7","7.6","A","","","1"
"2016","Quebec","2016A000224","Linked data","Unemployment rate","Percent","239","units","0","v1014029045","6.1.7","7.0","A","","","1"
"2000","Ontario","2016A000235","Linked data","Household income per capita","Dollars","81","units","0","v1000000036","7.1.1","30475.3","A","","","1"
"2001","Ontario","2016A000235","Linked data","Household income per capita","Dollars","81","units","0","v1000000036","7.1.1","31068.1","A","","","1"
"2002","Ontario","2016A000235","Linked data","Household income per capita","Dollars","81","units","0","v1000000036","7.1.1","31233.7","A","","","1"
"2003","Ontario","2016A000235","Linked data","Household income per capita","Dollars","81","units","0","v1000000036","7.1.1","31834.3","A","","","1"
"2004","Ontario","2016A000235","Linked data","Household income per capita","Dollars","81","units","0","v1000000036","7.1.1","33015.8","A","","","1"
"2005","Ontario","2016A000235","Linked data","Household income per capita","Dollars","81","units","0","v1000000036","7.1.1","34066.9","A","","","1"
"2006","Ontario","2016A000235","Linked data","Household income per capita","Dollars","81","units","0","v1000000036","7.1.1","35484.3","A","","","1"
"2007","Ontario","2016A000235","Linked data","Household income per capita","Dollars","81","units","0","v1000000036","7.1.1","37482.1","A","","","1"
"2008","Ontario","2016A000235","Linked data","Household income per capita","Dollars","81","units","0","v1000000036","7.1.1","38157.0","A","","","1"
"2009","Ontario","2016A000235","Linked data","Household income per capita","Dollars","81","units","0","v1000000036","7.1.1","38307.2","A","","","1"
"2010","Ontario","2016A000235","Linked data","Household income per capita","Dollars","81","units","0","v1000000036","7.1.1","39299.3","A","","","1"
"2011","Ontario","2016A000235","Linked data","Household income per capita","Dollars","81","units","0","v1000000036","7.1.1","40429.5","A","","","1"
"2012","Ontario","2016A000235","Linked data","Household income per capita","Dollars","81","units","0","v1000000036","7.1.1","41169.1","A","","","1"
"2013","Ontario","2016A000235","Linked data","Household income per capita","Dollars","81","units","0","v1000000036","7.1.1","42147.9","A","","","1"
"2014","Ontario","2016A000235","Linked data","Household income per capita","Dollars","81","units","0","v1000000036","7.1.1","43134.0","A","","","1"
"2015","Ontario","2016A000235","Linked data","Household income per capita","Dollars","81","units","0","v1000000036","7.1.1","45053.7","A","","","1"
"2016","Ontario","2016A000235","Linked data","Household income per capita","Dollars","81","units","0","v1000000036","7.1.1","46047.5","A","","","1"
"2000","Ontario","2016A000235","Linked data","Unemployment rate","Percent","239","units","0","v1014029075","7.1.7","5.8","A","","","1"
"2001","Ontario","2016A000235","Linked data","Unemployment rate","Percent","239","units","0","v1014029075","7.1.7","6.4","A","","","1"
"2002","Ontario","2016A000235","Linked data","Unemployment rate","Percent","239","units","0","v1014029075","7.1.7","7.1","A","","","1"
"2003","Ontario","2016A000235","Linked data","Unemployment rate","Percent","239","units","0","v1014029075","7.1.7","6.9","A","","","1"
"2004","Ontario","2016A000235","Linked data","Unemployment rate","Percent","239","units","0","v1014029075","7.1.7","6.7","A","","","1"
"2005","Ontario","2016A000235","Linked data","Unemployment rate","Percent","239","units","0","v1014029075","7.1.7","6.6","A","","","1"
"2006","Ontario","2016A000235","Linked data","Unemployment rate","Percent","239","units","0","v1014029075","7.1.7","6.3","A","","","1"
"2007","Ontario","2016A000235","Linked data","Unemployment rate","Percent","239","units","0","v1014029075","7.1.7","6.4","A","","","1"
"2008","Ontario","2016A000235","Linked data","Unemployment rate","Percent","239","units","0","v1014029075","7.1.7","6.5","A","","","1"
"2009","Ontario","2016A000235","Linked data","Unemployment rate","Percent","239","units","0","v1014029075","7.1.7","9.1","A","","","1"
"2010","Ontario","2016A000235","Linked data","Unemployment rate","Percent","239","units","0","v1014029075","7.1.7","8.7","A","","","1"
"2011","Ontario","2016A000235","Linked data","Unemployment rate","Percent","239","units","0","v1014029075","7.1.7","7.9","A","","","1"
"2012","Ontario","2016A000235","Linked data","Unemployment rate","Percent","239","units","0","v1014029075","7.1.7","7.9","A","","","1"
"2013","Ontario","2016A000235","Linked data","Unemployment rate","Percent","239","units","0","v1014029075","7.1.7","7.6","A","","","1"
"2014","Ontario","2016A000235","Linked data","Unemployment rate","Percent","239","units","0","v1014029075","7.1.7","7.3","A","","","1"
"2015","Ontario","2016A000235","Linked data","Unemployment rate","Percent","239","units","0","v1014029075","7.1.7","6.8","A","","","1"
"2016","Ontario","2016A000235","Linked data","Unemployment rate","Percent","239","units","0","v1014029075","7.1.7","6.6","A","","","1"
"2000","Manitoba","2016A000246","Linked data","Household income per capita","Dollars","81","units","0","v1000000042","8.1.1","24463.2","A","","","1"
"2001","Manitoba","2016A000246","Linked data","Household income per capita","Dollars","81","units","0","v1000000042","8.1.1","25190.8","A","","","1"
"2002","Manitoba","2016A000246","Linked data","Household income per capita","Dollars","81","units","0","v1000000042","8.1.1","25824.0","A","","","1"
"2003","Manitoba","2016A000246","Linked data","Household income per capita","Dollars","81","units","0","v1000000042","8.1.1","26293.3","A","","","1"
"2004","Manitoba","2016A000246","Linked data","Household income per capita","Dollars","81","units","0","v1000000042","8.1.1","27358.0","A","","","1"
"2005","Manitoba","2016A000246","Linked data","Household income per capita","Dollars","81","units","0","v1000000042","8.1.1","28288.3","A","","","1"
"2006","Manitoba","2016A000246","Linked data","Household income per capita","Dollars","81","units","0","v1000000042","8.1.1","29768.7","A","","","1"
"2007","Manitoba","2016A000246","Linked data","Household income per capita","Dollars","81","units","0","v1000000042","8.1.1","31999.4","A","","","1"
"2008","Manitoba","2016A000246","Linked data","Household income per capita","Dollars","81","units","0","v1000000042","8.1.1","33596.5","A","","","1"
"2009","Manitoba","2016A000246","Linked data","Household income per capita","Dollars","81","units","0","v1000000042","8.1.1","33985.1","A","","","1"
"2010","Manitoba","2016A000246","Linked data","Household income per capita","Dollars","81","units","0","v1000000042","8.1.1","34789.9","A","","","1"
"2011","Manitoba","2016A000246","Linked data","Household income per capita","Dollars","81","units","0","v1000000042","8.1.1","36128.7","A","","","1"
"2012","Manitoba","2016A000246","Linked data","Household income per capita","Dollars","81","units","0","v1000000042","8.1.1","37641.6","A","","","1"
"2013","Manitoba","2016A000246","Linked data","Household income per capita","Dollars","81","units","0","v1000000042","8.1.1","38822.3","A","","","1"
"2014","Manitoba","2016A000246","Linked data","Household income per capita","Dollars","81","units","0","v1000000042","8.1.1","39557.8","A","","","1"
"2015","Manitoba","2016A000246","Linked data","Household income per capita","Dollars","81","units","0","v1000000042","8.1.1","41466.8","A","","","1"
"2016","Manitoba","2016A000246","Linked data","Household income per capita","Dollars","81","units","0","v1000000042","8.1.1","41890.1","A","","","1"
"2000","Manitoba","2016A000246","Linked data","Unemployment rate","Percent","239","units","0","v1014029105","8.1.7","4.9","A","","","1"
"2001","Manitoba","2016A000246","Linked data","Unemployment rate","Percent","239","units","0","v1014029105","8.1.7","5.1","A","","","1"
"2002","Manitoba","2016A000246","Linked data","Unemployment rate","Percent","239","units","0","v1014029105","8.1.7","5.1","A","","","1"
"2003","Manitoba","2016A000246","Linked data","Unemployment rate","Percent","239","units","0","v1014029105","8.1.7","4.9","A","","","1"
"2004","Manitoba","2016A000246","Linked data","Unemployment rate","Percent","239","units","0","v1014029105","8.1.7","5.3","A","","","1"
"2005","Manitoba","2016A000246","Linked data","Unemployment rate","Percent","239","units","0","v1014029105","8.1.7","4.7","A","","","1"
"2006","Manitoba","2016A000246","Linked data","Unemployment rate","Percent","239","units","0","v1014029105","8.1.7","4.3","A","","","1"
"2007","Manitoba","2016A000246","Linked data","Unemployment rate","Percent","239","units","0","v1014029105","8.1.7","4.5","A","","","1"
"2008","Manitoba","2016A000246","Linked data","Unemployment rate","Percent","239","units","0","v1014029105","8.1.7","4.1","A","","","1"
"2009","Manitoba","2016A000246","Linked data","Unemployment rate","Percent","239","units","0","v1014029105","8.1.7","5.3","A","","","1"
"2010","Manitoba","2016A000246","Linked data","Unemployment rate","Percent","239","units","0","v1014029105","8.1.7","5.4","A","","","1"
"2011","Manitoba","2016A000246","Linked data","Unemployment rate","Percent","239","units","0","v1014029105","8.1.7","5.5","A","","","1"
"2012","Manitoba","2016A000246","Linked data","Unemployment rate","Percent","239","units","0","v1014029105","8.1.7","5.4","A","","","1"
"2013","Manitoba","2016A000246","Linked data","Unemployment rate","Percent","239","units","0","v1014029105","8.1.7","5.4","A","","","1"
"2014","Manitoba","2016A000246","Linked data","Unemployment rate","Percent","239","units","0","v1014029105","8.1.7","5.4","A","","","1"
"2015","Manitoba","2016A000246","Linked data","Unemployment rate","Percent","239","units","0","v1014029105","8.1.7","5.6","A","","","1"
"2016","Manitoba","2016A000246","Linked data","Unemployment rate","Percent","239","units","0","v1014029105","8.1.7","6.1","A","","","1"
"2000","Saskatchewan","2016A000247","Linked data","Household income per capita","Dollars","81","units","0","v1000000048","9.1.1","23333.5","A","","","1"
"2001","Saskatchewan","2016A000247","Linked data","Household income per capita","Dollars","81","units","0","v1000000048","9.1.1","24249.2","A","","","1"
"2002","Saskatchewan","2016A000247","Linked data","Household income per capita","Dollars","81","units","0","v1000000048","9.1.1","24959.5","A","","","1"
"2003","Saskatchewan","2016A000247","Linked data","Household income per capita","Dollars","81","units","0","v1000000048","9.1.1","26066.0","A","","","1"
"2004","Saskatchewan","2016A000247","Linked data","Household income per capita","Dollars","81","units","0","v1000000048","9.1.1","27634.3","A","","","1"
"2005","Saskatchewan","2016A000247","Linked data","Household income per capita","Dollars","81","units","0","v1000000048","9.1.1","28656.6","A","","","1"
"2006","Saskatchewan","2016A000247","Linked data","Household income per capita","Dollars","81","units","0","v1000000048","9.1.1","30579.4","A","","","1"
"2007","Saskatchewan","2016A000247","Linked data","Household income per capita","Dollars","81","units","0","v1000000048","9.1.1","34416.5","A","","","1"
"2008","Saskatchewan","2016A000247","Linked data","Household income per capita","Dollars","81","units","0","v1000000048","9.1.1","38290.8","A","","","1"
"2009","Saskatchewan","2016A000247","Linked data","Household income per capita","Dollars","81","units","0","v1000000048","9.1.1","37925.9","A","","","1"
"2010","Saskatchewan","2016A000247","Linked data","Household income per capita","Dollars","81","units","0","v1000000048","9.1.1","38876.8","A","","","1"
"2011","Saskatchewan","2016A000247","Linked data","Household income per capita","Dollars","81","units","0","v1000000048","9.1.1","41627.1","A","","","1"
"2012","Saskatchewan","2016A000247","Linked data","Household income per capita","Dollars","81","units","0","v1000000048","9.1.1","43554.5","A","","","1"
"2013","Saskatchewan","2016A000247","Linked data","Household income per capita","Dollars","81","units","0","v1000000048","9.1.1","45818.1","A","","","1"
"2014","Saskatchewan","2016A000247","Linked data","Household income per capita","Dollars","81","units","0","v1000000048","9.1.1","45901.5","A","","","1"
"2015","Saskatchewan","2016A000247","Linked data","Household income per capita","Dollars","81","units","0","v1000000048","9.1.1","48070.5","A","","","1"
"2016","Saskatchewan","2016A000247","Linked data","Household income per capita","Dollars","81","units","0","v1000000048","9.1.1","47258.9","A","","","1"
"2000","Saskatchewan","2016A000247","Linked data","Unemployment rate","Percent","239","units","0","v1014029135","9.1.7","5.1","A","","","1"
"2001","Saskatchewan","2016A000247","Linked data","Unemployment rate","Percent","239","units","0","v1014029135","9.1.7","5.8","A","","","1"
"2002","Saskatchewan","2016A000247","Linked data","Unemployment rate","Percent","239","units","0","v1014029135","9.1.7","5.6","A","","","1"
"2003","Saskatchewan","2016A000247","Linked data","Unemployment rate","Percent","239","units","0","v1014029135","9.1.7","5.6","A","","","1"
"2004","Saskatchewan","2016A000247","Linked data","Unemployment rate","Percent","239","units","0","v1014029135","9.1.7","5.3","A","","","1"
"2005","Saskatchewan","2016A000247","Linked data","Unemployment rate","Percent","239","units","0","v1014029135","9.1.7","5.1","A","","","1"
"2006","Saskatchewan","2016A000247","Linked data","Unemployment rate","Percent","239","units","0","v1014029135","9.1.7","4.7","A","","","1"
"2007","Saskatchewan","2016A000247","Linked data","Unemployment rate","Percent","239","units","0","v1014029135","9.1.7","4.2","A","","","1"
"2008","Saskatchewan","2016A000247","Linked data","Unemployment rate","Percent","239","units","0","v1014029135","9.1.7","4.0","A","","","1"
"2009","Saskatchewan","2016A000247","Linked data","Unemployment rate","Percent","239","units","0","v1014029135","9.1.7","4.9","A","","","1"
"2010","Saskatchewan","2016A000247","Linked data","Unemployment rate","Percent","239","units","0","v1014029135","9.1.7","5.3","A","","","1"
"2011","Saskatchewan","2016A000247","Linked data","Unemployment rate","Percent","239","units","0","v1014029135","9.1.7","4.9","A","","","1"
"2012","Saskatchewan","2016A000247","Linked data","Unemployment rate","Percent","239","units","0","v1014029135","9.1.7","4.7","A","","","1"
"2013","Saskatchewan","2016A000247","Linked data","Unemployment rate","Percent","239","units","0","v1014029135","9.1.7","4.1","A","","","1"
"2014","Saskatchewan","2016A000247","Linked data","Unemployment rate","Percent","239","units","0","v1014029135","9.1.7","3.8","A","","","1"
"2015","Saskatchewan","2016A000247","Linked data","Unemployment rate","Percent","239","units","0","v1014029135","9.1.7","5.0","A","","","1"
"2016","Saskatchewan","2016A000247","Linked data","Unemployment rate","Percent","239","units","0","v1014029135","9.1.7","6.4","A","","","1"
"2000","Alberta","2016A000248","Linked data","Household income per capita","Dollars","81","units","0","v1000000054","10.1.1","30255.3","A","","","1"
"2001","Alberta","2016A000248","Linked data","Household income per capita","Dollars","81","units","0","v1000000054","10.1.1","33055.7","A","","","1"
"2002","Alberta","2016A000248","Linked data","Household income per capita","Dollars","81","units","0","v1000000054","10.1.1","33222.0","A","","","1"
"2003","Alberta","2016A000248","Linked data","Household income per capita","Dollars","81","units","0","v1000000054","10.1.1","33979.0","A","","","1"
"2004","Alberta","2016A000248","Linked data","Household income per capita","Dollars","81","units","0","v1000000054","10.1.1","36572.2","A","","","1"
"2005","Alberta","2016A000248","Linked data","Household income per capita","Dollars","81","units","0","v1000000054","10.1.1","39733.1","A","","","1"
"2006","Alberta","2016A000248","Linked data","Household income per capita","Dollars","81","units","0","v1000000054","10.1.1","43547.3","A","","","1"
"2007","Alberta","2016A000248","Linked data","Household income per capita","Dollars","81","units","0","v1000000054","10.1.1","45517.2","A","","","1"
"2008","Alberta","2016A000248","Linked data","Household income per capita","Dollars","81","units","0","v1000000054","10.1.1","47903.4","A","","","1"
"2009","Alberta","2016A000248","Linked data","Household income per capita","Dollars","81","units","0","v1000000054","10.1.1","45644.4","A","","","1"
"2010","Alberta","2016A000248","Linked data","Household income per capita","Dollars","81","units","0","v1000000054","10.1.1","46911.3","A","","","1"
"2011","Alberta","2016A000248","Linked data","Household income per capita","Dollars","81","units","0","v1000000054","10.1.1","49677.7","A","","","1"
"2012","Alberta","2016A000248","Linked data","Household income per capita","Dollars","81","units","0","v1000000054","10.1.1","52669.6","A","","","1"
"2013","Alberta","2016A000248","Linked data","Household income per capita","Dollars","81","units","0","v1000000054","10.1.1","54653.3","A","","","1"
"2014","Alberta","2016A000248","Linked data","Household income per capita","Dollars","81","units","0","v1000000054","10.1.1","56510.3","A","","","1"
"2015","Alberta","2016A000248","Linked data","Household income per capita","Dollars","81","units","0","v1000000054","10.1.1","57909.1","A","","","1"
"2016","Alberta","2016A000248","Linked data","Household income per capita","Dollars","81","units","0","v1000000054","10.1.1","54260.8","A","","","1"
"2000","Alberta","2016A000248","Linked data","Unemployment rate","Percent","239","units","0","v1014029165","10.1.7","5.0","A","","","1"
"2001","Alberta","2016A000248","Linked data","Unemployment rate","Percent","239","units","0","v1014029165","10.1.7","4.7","A","","","1"
"2002","Alberta","2016A000248","Linked data","Unemployment rate","Percent","239","units","0","v1014029165","10.1.7","5.3","A","","","1"
"2003","Alberta","2016A000248","Linked data","Unemployment rate","Percent","239","units","0","v1014029165","10.1.7","5.1","A","","","1"
"2004","Alberta","2016A000248","Linked data","Unemployment rate","Percent","239","units","0","v1014029165","10.1.7","4.6","A","","","1"
"2005","Alberta","2016A000248","Linked data","Unemployment rate","Percent","239","units","0","v1014029165","10.1.7","3.9","A","","","1"
"2006","Alberta","2016A000248","Linked data","Unemployment rate","Percent","239","units","0","v1014029165","10.1.7","3.4","A","","","1"
"2007","Alberta","2016A000248","Linked data","Unemployment rate","Percent","239","units","0","v1014029165","10.1.7","3.6","A","","","1"
"2008","Alberta","2016A000248","Linked data","Unemployment rate","Percent","239","units","0","v1014029165","10.1.7","3.6","A","","","1"
"2009","Alberta","2016A000248","Linked data","Unemployment rate","Percent","239","units","0","v1014029165","10.1.7","6.5","A","","","1"
"2010","Alberta","2016A000248","Linked data","Unemployment rate","Percent","239","units","0","v1014029165","10.1.7","6.5","A","","","1"
"2011","Alberta","2016A000248","Linked data","Unemployment rate","Percent","239","units","0","v1014029165","10.1.7","5.4","A","","","1"
"2012","Alberta","2016A000248","Linked data","Unemployment rate","Percent","239","units","0","v1014029165","10.1.7","4.6","A","","","1"
"2013","Alberta","2016A000248","Linked data","Unemployment rate","Percent","239","units","0","v1014029165","10.1.7","4.6","A","","","1"
"2014","Alberta","2016A000248","Linked data","Unemployment rate","Percent","239","units","0","v1014029165","10.1.7","4.7","A","","","1"
"2015","Alberta","2016A000248","Linked data","Unemployment rate","Percent","239","units","0","v1014029165","10.1.7","6.0","A","","","1"
"2016","Alberta","2016A000248","Linked data","Unemployment rate","Percent","239","units","0","v1014029165","10.1.7","8.1","A","","","1"
"2000","British Columbia","2016A000259","Linked data","Household income per capita","Dollars","81","units","0","v1000000060","11.1.1","27020.7","A","","","1"
"2001","British Columbia","2016A000259","Linked data","Household income per capita","Dollars","81","units","0","v1000000060","11.1.1","27876.7","A","","","1"
"2002","British Columbia","2016A000259","Linked data","Household income per capita","Dollars","81","units","0","v1000000060","11.1.1","28733.0","A","","","1"
"2003","British Columbia","2016A000259","Linked data","Household income per capita","Dollars","81","units","0","v1000000060","11.1.1","29405.6","A","","","1"
"2004","British Columbia","2016A000259","Linked data","Household income per capita","Dollars","81","units","0","v1000000060","11.1.1","30830.2","A","","","1"
"2005","British Columbia","2016A000259","Linked data","Household income per capita","Dollars","81","units","0","v1000000060","11.1.1","32344.8","A","","","1"
"2006","British Columbia","2016A000259","Linked data","Household income per capita","Dollars","81","units","0","v1000000060","11.1.1","34915.6","A","","","1"
"2007","British Columbia","2016A000259","Linked data","Household income per capita","Dollars","81","units","0","v1000000060","11.1.1","36873.3","A","","","1"
"2008","British Columbia","2016A000259","Linked data","Household income per capita","Dollars","81","units","0","v1000000060","11.1.1","37675.0","A","","","1"
"2009","British Columbia","2016A000259","Linked data","Household income per capita","Dollars","81","units","0","v1000000060","11.1.1","37123.8","A","","","1"
"2010","British Columbia","2016A000259","Linked data","Household income per capita","Dollars","81","units","0","v1000000060","11.1.1","37949.1","A","","","1"
"2011","British Columbia","2016A000259","Linked data","Household income per capita","Dollars","81","units","0","v1000000060","11.1.1","39482.4","A","","","1"
"2012","British Columbia","2016A000259","Linked data","Household income per capita","Dollars","81","units","0","v1000000060","11.1.1","40619.9","A","","","1"
"2013","British Columbia","2016A000259","Linked data","Household income per capita","Dollars","81","units","0","v1000000060","11.1.1","42152.4","A","","","1"
"2014","British Columbia","2016A000259","Linked data","Household income per capita","Dollars","81","units","0","v1000000060","11.1.1","43292.7","A","","","1"
"2015","British Columbia","2016A000259","Linked data","Household income per capita","Dollars","81","units","0","v1000000060","11.1.1","45411.2","A","","","1"
"2016","British Columbia","2016A000259","Linked data","Household income per capita","Dollars","81","units","0","v1000000060","11.1.1","46905.0","A","","","1"
"2000","British Columbia","2016A000259","Linked data","Unemployment rate","Percent","239","units","0","v1014029195","11.1.7","7.2","A","","","1"
"2001","British Columbia","2016A000259","Linked data","Unemployment rate","Percent","239","units","0","v1014029195","11.1.7","7.8","A","","","1"
"2002","British Columbia","2016A000259","Linked data","Unemployment rate","Percent","239","units","0","v1014029195","11.1.7","8.6","A","","","1"
"2003","British Columbia","2016A000259","Linked data","Unemployment rate","Percent","239","units","0","v1014029195","11.1.7","8.0","A","","","1"
"2004","British Columbia","2016A000259","Linked data","Unemployment rate","Percent","239","units","0","v1014029195","11.1.7","7.1","A","","","1"
"2005","British Columbia","2016A000259","Linked data","Unemployment rate","Percent","239","units","0","v1014029195","11.1.7","5.8","A","","","1"
"2006","British Columbia","2016A000259","Linked data","Unemployment rate","Percent","239","units","0","v1014029195","11.1.7","4.7","A","","","1"
"2007","British Columbia","2016A000259","Linked data","Unemployment rate","Percent","239","units","0","v1014029195","11.1.7","4.3","A","","","1"
"2008","British Columbia","2016A000259","Linked data","Unemployment rate","Percent","239","units","0","v1014029195","11.1.7","4.6","A","","","1"
"2009","British Columbia","2016A000259","Linked data","Unemployment rate","Percent","239","units","0","v1014029195","11.1.7","7.7","A","","","1"
"2010","British Columbia","2016A000259","Linked data","Unemployment rate","Percent","239","units","0","v1014029195","11.1.7","7.5","A","","","1"
"2011","British Columbia","2016A000259","Linked data","Unemployment rate","Percent","239","units","0","v1014029195","11.1.7","7.5","A","","","1"
"2012","British Columbia","2016A000259","Linked data","Unemployment rate","Percent","239","units","0","v1014029195","11.1.7","6.9","A","","","1"
"2013","British Columbia","2016A000259","Linked data","Unemployment rate","Percent","239","units","0","v1014029195","11.1.7","6.6","A","","","1"
"2014","British Columbia","2016A000259","Linked data","Unemployment rate","Percent","239","units","0","v1014029195","11.1.7","6.1","A","","","1"
"2015","British Columbia","2016A000259","Linked data","Unemployment rate","Percent","239","units","0","v1014029195","11.1.7","6.1","A","","","1"
"2016","British Columbia","2016A000259","Linked data","Unemployment rate","Percent","239","units","0","v1014029195","11.1.7","6.0","A","","","1"
"2000","Yukon","2016A000260","Linked data","Household income per capita","Dollars","81","units","0","v1000000070","13.1.1","30889.6","A","","","1"
"2001","Yukon","2016A000260","Linked data","Household income per capita","Dollars","81","units","0","v1000000070","13.1.1","33922.5","A","","","1"
"2002","Yukon","2016A000260","Linked data","Household income per capita","Dollars","81","units","0","v1000000070","13.1.1","35138.6","A","","","1"
"2003","Yukon","2016A000260","Linked data","Household income per capita","Dollars","81","units","0","v1000000070","13.1.1","35875.9","A","","","1"
"2004","Yukon","2016A000260","Linked data","Household income per capita","Dollars","81","units","0","v1000000070","13.1.1","37610.5","A","","","1"
"2005","Yukon","2016A000260","Linked data","Household income per capita","Dollars","81","units","0","v1000000070","13.1.1","39499.7","A","","","1"
"2006","Yukon","2016A000260","Linked data","Household income per capita","Dollars","81","units","0","v1000000070","13.1.1","41647.3","A","","","1"
"2007","Yukon","2016A000260","Linked data","Household income per capita","Dollars","81","units","0","v1000000070","13.1.1","46472.3","A","","","1"
"2008","Yukon","2016A000260","Linked data","Household income per capita","Dollars","81","units","0","v1000000070","13.1.1","48507.0","A","","","1"
"2009","Yukon","2016A000260","Linked data","Household income per capita","Dollars","81","units","0","v1000000070","13.1.1","48084.9","A","","","1"
"2010","Yukon","2016A000260","Linked data","Household income per capita","Dollars","81","units","0","v1000000070","13.1.1","50901.8","A","","","1"
"2011","Yukon","2016A000260","Linked data","Household income per capita","Dollars","81","units","0","v1000000070","13.1.1","53415.1","A","","","1"
"2012","Yukon","2016A000260","Linked data","Household income per capita","Dollars","81","units","0","v1000000070","13.1.1","54856.1","A","","","1"
"2013","Yukon","2016A000260","Linked data","Household income per capita","Dollars","81","units","0","v1000000070","13.1.1","55430.1","A","","","1"
"2014","Yukon","2016A000260","Linked data","Household income per capita","Dollars","81","units","0","v1000000070","13.1.1","56414.2","A","","","1"
"2015","Yukon","2016A000260","Linked data","Household income per capita","Dollars","81","units","0","v1000000070","13.1.1","58355.0","A","","","1"
"2016","Yukon","2016A000260","Linked data","Household income per capita","Dollars","81","units","0","v1000000070","13.1.1","59365.6","A","","","1"
"2000","Yukon","2016A000260","Linked data","Unemployment rate","Percent","239","units","0","v1014029257","13.1.7","11.2","A","","","1"
"2001","Yukon","2016A000260","Linked data","Unemployment rate","Percent","239","units","0","v1014029257","13.1.7","11.9","A","","","1"
"2002","Yukon","2016A000260","Linked data","Unemployment rate","Percent","239","units","0","v1014029257","13.1.7","9.5","A","","","1"
"2003","Yukon","2016A000260","Linked data","Unemployment rate","Percent","239","units","0","v1014029257","13.1.7","10.1","A","","","1"
"2004","Yukon","2016A000260","Linked data","Unemployment rate","Percent","239","units","0","v1014029257","13.1.7","6.3","A","","","1"
"2005","Yukon","2016A000260","Linked data","Unemployment rate","Percent","239","units","0","v1014029257","13.1.7","5.0","A","","","1"
"2006","Yukon","2016A000260","Linked data","Unemployment rate","Percent","239","units","0","v1014029257","13.1.7","4.4","A","","","1"
"2007","Yukon","2016A000260","Linked data","Unemployment rate","Percent","239","units","0","v1014029257","13.1.7","5.0","A","","","1"
"2008","Yukon","2016A000260","Linked data","Unemployment rate","Percent","239","units","0","v1014029257","13.1.7","4.8","A","","","1"
"2009","Yukon","2016A000260","Linked data","Unemployment rate","Percent","239","units","0","v1014029257","13.1.7","7.0","A","","","1"
"2010","Yukon","2016A000260","Linked data","Unemployment rate","Percent","239","units","0","v1014029257","13.1.7","7.4","A","","","1"
"2011","Yukon","2016A000260","Linked data","Unemployment rate","Percent","239","units","0","v1014029257","13.1.7","5.4","A","","","1"
"2012","Yukon","2016A000260","Linked data","Unemployment rate","Percent","239","units","0","v1014029257","13.1.7","7.2","A","","","1"
"2013","Yukon","2016A000260","Linked data","Unemployment rate","Percent","239","units","0","v1014029257","13.1.7","5.9","A","","","1"
"2014","Yukon","2016A000260","Linked data","Unemployment rate","Percent","239","units","0","v1014029257","13.1.7","4.3","A","","","1"
"2015","Yukon","2016A000260","Linked data","Unemployment rate","Percent","239","units","0","v1014029257","13.1.7","5.8","A","","","1"
"2016","Yukon","2016A000260","Linked data","Unemployment rate","Percent","239","units","0","v1014029257","13.1.7","5.6","A","","","1"
"2000","Northwest territories","2016A000261","Linked data","Household income per capita","Dollars","81","units","0","v1000000080","15.1.1","34535.6","A","","","1"
"2001","Northwest territories","2016A000261","Linked data","Household income per capita","Dollars","81","units","0","v1000000080","15.1.1","37850.4","A","","","1"
"2002","Northwest territories","2016A000261","Linked data","Household income per capita","Dollars","81","units","0","v1000000080","15.1.1","39694.0","A","","","1"
"2003","Northwest territories","2016A000261","Linked data","Household income per capita","Dollars","81","units","0","v1000000080","15.1.1","40333.4","A","","","1"
"2004","Northwest territories","2016A000261","Linked data","Household income per capita","Dollars","81","units","0","v1000000080","15.1.1","41334.7","A","","","1"
"2005","Northwest territories","2016A000261","Linked data","Household income per capita","Dollars","81","units","0","v1000000080","15.1.1","43340.0","A","","","1"
"2006","Northwest territories","2016A000261","Linked data","Household income per capita","Dollars","81","units","0","v1000000080","15.1.1","46111.4","A","","","1"
"2007","Northwest territories","2016A000261","Linked data","Household income per capita","Dollars","81","units","0","v1000000080","15.1.1","52934.9","A","","","1"
"2008","Northwest territories","2016A000261","Linked data","Household income per capita","Dollars","81","units","0","v1000000080","15.1.1","54233.0","A","","","1"
"2009","Northwest territories","2016A000261","Linked data","Household income per capita","Dollars","81","units","0","v1000000080","15.1.1","52886.5","A","","","1"
"2010","Northwest territories","2016A000261","Linked data","Household income per capita","Dollars","81","units","0","v1000000080","15.1.1","54646.7","A","","","1"
"2011","Northwest territories","2016A000261","Linked data","Household income per capita","Dollars","81","units","0","v1000000080","15.1.1","56596.4","A","","","1"
"2012","Northwest territories","2016A000261","Linked data","Household income per capita","Dollars","81","units","0","v1000000080","15.1.1","57439.1","A","","","1"
"2013","Northwest territories","2016A000261","Linked data","Household income per capita","Dollars","81","units","0","v1000000080","15.1.1","60128.4","A","","","1"
"2014","Northwest territories","2016A000261","Linked data","Household income per capita","Dollars","81","units","0","v1000000080","15.1.1","61891.6","A","","","1"
"2015","Northwest territories","2016A000261","Linked data","Household income per capita","Dollars","81","units","0","v1000000080","15.1.1","64594.9","A","","","1"
"2016","Northwest territories","2016A000261","Linked data","Household income per capita","Dollars","81","units","0","v1000000080","15.1.1","65064.9","A","","","1"
"2000","Northwest territories","2016A000261","Linked data","Unemployment rate","Percent","239","units","0","v1014029319","15.1.7","","..","","","1"
"2001","Northwest territories","2016A000261","Linked data","Unemployment rate","Percent","239","units","0","v1014029319","15.1.7","8.8","A","","","1"
"2002","Northwest territories","2016A000261","Linked data","Unemployment rate","Percent","239","units","0","v1014029319","15.1.7","6.3","A","","","1"
"2003","Northwest territories","2016A000261","Linked data","Unemployment rate","Percent","239","units","0","v1014029319","15.1.7","7.0","A","","","1"
"2004","Northwest territories","2016A000261","Linked data","Unemployment rate","Percent","239","units","0","v1014029319","15.1.7","6.4","A","","","1"
"2005","Northwest territories","2016A000261","Linked data","Unemployment rate","Percent","239","units","0","v1014029319","15.1.7","5.4","A","","","1"
"2006","Northwest territories","2016A000261","Linked data","Unemployment rate","Percent","239","units","0","v1014029319","15.1.7","5.0","A","","","1"
"2007","Northwest territories","2016A000261","Linked data","Unemployment rate","Percent","239","units","0","v1014029319","15.1.7","5.7","A","","","1"
"2008","Northwest territories","2016A000261","Linked data","Unemployment rate","Percent","239","units","0","v1014029319","15.1.7","5.8","A","","","1"
"2009","Northwest territories","2016A000261","Linked data","Unemployment rate","Percent","239","units","0","v1014029319","15.1.7","6.2","A","","","1"
"2010","Northwest territories","2016A000261","Linked data","Unemployment rate","Percent","239","units","0","v1014029319","15.1.7","7.0","A","","","1"
"2011","Northwest territories","2016A000261","Linked data","Unemployment rate","Percent","239","units","0","v1014029319","15.1.7","7.7","A","","","1"
"2012","Northwest territories","2016A000261","Linked data","Unemployment rate","Percent","239","units","0","v1014029319","15.1.7","8.3","A","","","1"
"2013","Northwest territories","2016A000261","Linked data","Unemployment rate","Percent","239","units","0","v1014029319","15.1.7","8.0","A","","","1"
"2014","Northwest territories","2016A000261","Linked data","Unemployment rate","Percent","239","units","0","v1014029319","15.1.7","8.3","A","","","1"
"2015","Northwest territories","2016A000261","Linked data","Unemployment rate","Percent","239","units","0","v1014029319","15.1.7","8.4","A","","","1"
"2016","Northwest territories","2016A000261","Linked data","Unemployment rate","Percent","239","units","0","v1014029319","15.1.7","7.4","A","","","1"
"2000","Nunavut","2016A000262","Linked data","Household income per capita","Dollars","81","units","0","v1000000086","16.1.1","25420.0","A","","","1"
"2001","Nunavut","2016A000262","Linked data","Household income per capita","Dollars","81","units","0","v1000000086","16.1.1","27937.7","A","","","1"
"2002","Nunavut","2016A000262","Linked data","Household income per capita","Dollars","81","units","0","v1000000086","16.1.1","28415.8","A","","","1"
"2003","Nunavut","2016A000262","Linked data","Household income per capita","Dollars","81","units","0","v1000000086","16.1.1","29636.5","A","","","1"
"2004","Nunavut","2016A000262","Linked data","Household income per capita","Dollars","81","units","0","v1000000086","16.1.1","30478.6","A","","","1"
"2005","Nunavut","2016A000262","Linked data","Household income per capita","Dollars","81","units","0","v1000000086","16.1.1","31279.9","A","","","1"
"2006","Nunavut","2016A000262","Linked data","Household income per capita","Dollars","81","units","0","v1000000086","16.1.1","33428.5","A","","","1"
"2007","Nunavut","2016A000262","Linked data","Household income per capita","Dollars","81","units","0","v1000000086","16.1.1","33094.4","A","","","1"
"2008","Nunavut","2016A000262","Linked data","Household income per capita","Dollars","81","units","0","v1000000086","16.1.1","36435.5","A","","","1"
"2009","Nunavut","2016A000262","Linked data","Household income per capita","Dollars","81","units","0","v1000000086","16.1.1","35552.1","A","","","1"
"2010","Nunavut","2016A000262","Linked data","Household income per capita","Dollars","81","units","0","v1000000086","16.1.1","37927.6","A","","","1"
"2011","Nunavut","2016A000262","Linked data","Household income per capita","Dollars","81","units","0","v1000000086","16.1.1","39683.0","A","","","1"
"2012","Nunavut","2016A000262","Linked data","Household income per capita","Dollars","81","units","0","v1000000086","16.1.1","40827.5","A","","","1"
"2013","Nunavut","2016A000262","Linked data","Household income per capita","Dollars","81","units","0","v1000000086","16.1.1","41113.7","A","","","1"
"2014","Nunavut","2016A000262","Linked data","Household income per capita","Dollars","81","units","0","v1000000086","16.1.1","42227.0","A","","","1"
"2015","Nunavut","2016A000262","Linked data","Household income per capita","Dollars","81","units","0","v1000000086","16.1.1","43433.1","A","","","1"
"2016","Nunavut","2016A000262","Linked data","Household income per capita","Dollars","81","units","0","v1000000086","16.1.1","44920.2","A","","","1"
"2000","Nunavut","2016A000262","Linked data","Unemployment rate","Percent","239","units","0","v1014029349","16.1.7","","..","","","1"
"2001","Nunavut","2016A000262","Linked data","Unemployment rate","Percent","239","units","0","v1014029349","16.1.7","","..","","","1"
"2002","Nunavut","2016A000262","Linked data","Unemployment rate","Percent","239","units","0","v1014029349","16.1.7","","..","","","1"
"2003","Nunavut","2016A000262","Linked data","Unemployment rate","Percent","239","units","0","v1014029349","16.1.7","","..","","","1"
"2004","Nunavut","2016A000262","Linked data","Unemployment rate","Percent","239","units","0","v1014029349","16.1.7","13.8","A","","","1"
"2005","Nunavut","2016A000262","Linked data","Unemployment rate","Percent","239","units","0","v1014029349","16.1.7","12.5","A","","","1"
"2006","Nunavut","2016A000262","Linked data","Unemployment rate","Percent","239","units","0","v1014029349","16.1.7","10.4","A","","","1"
"2007","Nunavut","2016A000262","Linked data","Unemployment rate","Percent","239","units","0","v1014029349","16.1.7","8.5","A","","","1"
"2008","Nunavut","2016A000262","Linked data","Unemployment rate","Percent","239","units","0","v1014029349","16.1.7","12.2","A","","","1"
"2009","Nunavut","2016A000262","Linked data","Unemployment rate","Percent","239","units","0","v1014029349","16.1.7","13.0","A","","","1"
"2010","Nunavut","2016A000262","Linked data","Unemployment rate","Percent","239","units","0","v1014029349","16.1.7","15.6","A","","","1"
"2011","Nunavut","2016A000262","Linked data","Unemployment rate","Percent","239","units","0","v1014029349","16.1.7","17.5","A","","","1"
"2012","Nunavut","2016A000262","Linked data","Unemployment rate","Percent","239","units","0","v1014029349","16.1.7","15.4","A","","","1"
"2013","Nunavut","2016A000262","Linked data","Unemployment rate","Percent","239","units","0","v1014029349","16.1.7","14.2","A","","","1"
"2014","Nunavut","2016A000262","Linked data","Unemployment rate","Percent","239","units","0","v1014029349","16.1.7","13.9","A","","","1"
"2015","Nunavut","2016A000262","Linked data","Unemployment rate","Percent","239","units","0","v1014029349","16.1.7","16.1","A","","","1"
"2016","Nunavut","2016A000262","Linked data","Unemployment rate","Percent","239","units","0","v1014029349","16.1.7","15.1","A","","","1"


