"REF_DATE","GEO","DGUID","Value","North American Industry Classification System (NAICS)","UOM","UOM_ID","SCALAR_FACTOR","SCALAR_ID","VECTOR","COORDINATE","VALUE","STATUS","SYMBOL","TERMINATED","DECIMALS"
"2000","Newfoundland and Labrador","2016A000210","Chained (2012) dollars","All industries [T001]","Dollars","81","millions","6","v62464519","1.2.1","21945.8","","","","1"
"2001","Newfoundland and Labrador","2016A000210","Chained (2012) dollars","All industries [T001]","Dollars","81","millions","6","v62464519","1.2.1","22429.7","","","","1"
"2002","Newfoundland and Labrador","2016A000210","Chained (2012) dollars","All industries [T001]","Dollars","81","millions","6","v62464519","1.2.1","26019.3","","","","1"
"2003","Newfoundland and Labrador","2016A000210","Chained (2012) dollars","All industries [T001]","Dollars","81","millions","6","v62464519","1.2.1","27753.1","","","","1"
"2004","Newfoundland and Labrador","2016A000210","Chained (2012) dollars","All industries [T001]","Dollars","81","millions","6","v62464519","1.2.1","27485.0","","","","1"
"2005","Newfoundland and Labrador","2016A000210","Chained (2012) dollars","All industries [T001]","Dollars","81","millions","6","v62464519","1.2.1","28185.9","","","","1"
"2006","Newfoundland and Labrador","2016A000210","Chained (2012) dollars","All industries [T001]","Dollars","81","millions","6","v62464519","1.2.1","29220.9","","","","1"
"2007","Newfoundland and Labrador","2016A000210","Chained (2012) dollars","All industries [T001]","Dollars","81","millions","6","v62464519","1.2.1","32536.6","","","","1"
"2008","Newfoundland and Labrador","2016A000210","Chained (2012) dollars","All industries [T001]","Dollars","81","millions","6","v62464519","1.2.1","31947.8","","","","1"
"2009","Newfoundland and Labrador","2016A000210","Chained (2012) dollars","All industries [T001]","Dollars","81","millions","6","v62464519","1.2.1","28944.1","","","","1"
"2010","Newfoundland and Labrador","2016A000210","Chained (2012) dollars","All industries [T001]","Dollars","81","millions","6","v62464519","1.2.1","30474.4","","","","1"
"2011","Newfoundland and Labrador","2016A000210","Chained (2012) dollars","All industries [T001]","Dollars","81","millions","6","v62464519","1.2.1","31375.5","","","","1"
"2012","Newfoundland and Labrador","2016A000210","Chained (2012) dollars","All industries [T001]","Dollars","81","millions","6","v62464519","1.2.1","29977.2","","","","1"
"2013","Newfoundland and Labrador","2016A000210","Chained (2012) dollars","All industries [T001]","Dollars","81","millions","6","v62464519","1.2.1","31486.3","","","","1"
"2014","Newfoundland and Labrador","2016A000210","Chained (2012) dollars","All industries [T001]","Dollars","81","millions","6","v62464519","1.2.1","31143.3","","","","1"
"2015","Newfoundland and Labrador","2016A000210","Chained (2012) dollars","All industries [T001]","Dollars","81","millions","6","v62464519","1.2.1","30806.0","","","","1"
"2016","Newfoundland and Labrador","2016A000210","Chained (2012) dollars","All industries [T001]","Dollars","81","millions","6","v62464519","1.2.1","31282.0","","","","1"
"2017","Newfoundland and Labrador","2016A000210","Chained (2012) dollars","All industries [T001]","Dollars","81","millions","6","v62464519","1.2.1","31414.0","","","","1"
"2018","Newfoundland and Labrador","2016A000210","Chained (2012) dollars","All industries [T001]","Dollars","81","millions","6","v62464519","1.2.1","30383.2","","","","1"
"2019","Newfoundland and Labrador","2016A000210","Chained (2012) dollars","All industries [T001]","Dollars","81","millions","6","v62464519","1.2.1","31588.0","","","","1"
"2000","Prince Edward Island","2016A000211","Chained (2012) dollars","All industries [T001]","Dollars","81","millions","6","v62464824","2.2.1","4191.4","","","","1"
"2001","Prince Edward Island","2016A000211","Chained (2012) dollars","All industries [T001]","Dollars","81","millions","6","v62464824","2.2.1","4139.5","","","","1"
"2002","Prince Edward Island","2016A000211","Chained (2012) dollars","All industries [T001]","Dollars","81","millions","6","v62464824","2.2.1","4340.2","","","","1"
"2003","Prince Edward Island","2016A000211","Chained (2012) dollars","All industries [T001]","Dollars","81","millions","6","v62464824","2.2.1","4415.8","","","","1"
"2004","Prince Edward Island","2016A000211","Chained (2012) dollars","All industries [T001]","Dollars","81","millions","6","v62464824","2.2.1","4545.9","","","","1"
"2005","Prince Edward Island","2016A000211","Chained (2012) dollars","All industries [T001]","Dollars","81","millions","6","v62464824","2.2.1","4690.6","","","","1"
"2006","Prince Edward Island","2016A000211","Chained (2012) dollars","All industries [T001]","Dollars","81","millions","6","v62464824","2.2.1","4804.3","","","","1"
"2007","Prince Edward Island","2016A000211","Chained (2012) dollars","All industries [T001]","Dollars","81","millions","6","v62464824","2.2.1","4781.6","","","","1"
"2008","Prince Edward Island","2016A000211","Chained (2012) dollars","All industries [T001]","Dollars","81","millions","6","v62464824","2.2.1","4836.1","","","","1"
"2009","Prince Edward Island","2016A000211","Chained (2012) dollars","All industries [T001]","Dollars","81","millions","6","v62464824","2.2.1","4845.2","","","","1"
"2010","Prince Edward Island","2016A000211","Chained (2012) dollars","All industries [T001]","Dollars","81","millions","6","v62464824","2.2.1","4948.2","","","","1"
"2011","Prince Edward Island","2016A000211","Chained (2012) dollars","All industries [T001]","Dollars","81","millions","6","v62464824","2.2.1","5043.5","","","","1"
"2012","Prince Edward Island","2016A000211","Chained (2012) dollars","All industries [T001]","Dollars","81","millions","6","v62464824","2.2.1","5090.7","","","","1"
"2013","Prince Edward Island","2016A000211","Chained (2012) dollars","All industries [T001]","Dollars","81","millions","6","v62464824","2.2.1","5187.4","","","","1"
"2014","Prince Edward Island","2016A000211","Chained (2012) dollars","All industries [T001]","Dollars","81","millions","6","v62464824","2.2.1","5205.6","","","","1"
"2015","Prince Edward Island","2016A000211","Chained (2012) dollars","All industries [T001]","Dollars","81","millions","6","v62464824","2.2.1","5280.7","","","","1"
"2016","Prince Edward Island","2016A000211","Chained (2012) dollars","All industries [T001]","Dollars","81","millions","6","v62464824","2.2.1","5393.8","","","","1"
"2017","Prince Edward Island","2016A000211","Chained (2012) dollars","All industries [T001]","Dollars","81","millions","6","v62464824","2.2.1","5632.2","","","","1"
"2018","Prince Edward Island","2016A000211","Chained (2012) dollars","All industries [T001]","Dollars","81","millions","6","v62464824","2.2.1","5788.9","","","","1"
"2019","Prince Edward Island","2016A000211","Chained (2012) dollars","All industries [T001]","Dollars","81","millions","6","v62464824","2.2.1","6052.0","","","","1"
"2000","Nova Scotia","2016A000212","Chained (2012) dollars","All industries [T001]","Dollars","81","millions","6","v62465129","3.2.1","29571.6","","","","1"
"2001","Nova Scotia","2016A000212","Chained (2012) dollars","All industries [T001]","Dollars","81","millions","6","v62465129","3.2.1","30377.3","","","","1"
"2002","Nova Scotia","2016A000212","Chained (2012) dollars","All industries [T001]","Dollars","81","millions","6","v62465129","3.2.1","31608.4","","","","1"
"2003","Nova Scotia","2016A000212","Chained (2012) dollars","All industries [T001]","Dollars","81","millions","6","v62465129","3.2.1","32018.4","","","","1"
"2004","Nova Scotia","2016A000212","Chained (2012) dollars","All industries [T001]","Dollars","81","millions","6","v62465129","3.2.1","32360.0","","","","1"
"2005","Nova Scotia","2016A000212","Chained (2012) dollars","All industries [T001]","Dollars","81","millions","6","v62465129","3.2.1","32761.9","","","","1"
"2006","Nova Scotia","2016A000212","Chained (2012) dollars","All industries [T001]","Dollars","81","millions","6","v62465129","3.2.1","32920.8","","","","1"
"2007","Nova Scotia","2016A000212","Chained (2012) dollars","All industries [T001]","Dollars","81","millions","6","v62465129","3.2.1","33235.4","","","","1"
"2008","Nova Scotia","2016A000212","Chained (2012) dollars","All industries [T001]","Dollars","81","millions","6","v62465129","3.2.1","33797.3","","","","1"
"2009","Nova Scotia","2016A000212","Chained (2012) dollars","All industries [T001]","Dollars","81","millions","6","v62465129","3.2.1","33814.4","","","","1"
"2010","Nova Scotia","2016A000212","Chained (2012) dollars","All industries [T001]","Dollars","81","millions","6","v62465129","3.2.1","34697.1","","","","1"
"2011","Nova Scotia","2016A000212","Chained (2012) dollars","All industries [T001]","Dollars","81","millions","6","v62465129","3.2.1","34805.2","","","","1"
"2012","Nova Scotia","2016A000212","Chained (2012) dollars","All industries [T001]","Dollars","81","millions","6","v62465129","3.2.1","34477.9","","","","1"
"2013","Nova Scotia","2016A000212","Chained (2012) dollars","All industries [T001]","Dollars","81","millions","6","v62465129","3.2.1","34383.8","","","","1"
"2014","Nova Scotia","2016A000212","Chained (2012) dollars","All industries [T001]","Dollars","81","millions","6","v62465129","3.2.1","34747.2","","","","1"
"2015","Nova Scotia","2016A000212","Chained (2012) dollars","All industries [T001]","Dollars","81","millions","6","v62465129","3.2.1","35013.4","","","","1"
"2016","Nova Scotia","2016A000212","Chained (2012) dollars","All industries [T001]","Dollars","81","millions","6","v62465129","3.2.1","35489.1","","","","1"
"2017","Nova Scotia","2016A000212","Chained (2012) dollars","All industries [T001]","Dollars","81","millions","6","v62465129","3.2.1","36106.5","","","","1"
"2018","Nova Scotia","2016A000212","Chained (2012) dollars","All industries [T001]","Dollars","81","millions","6","v62465129","3.2.1","36662.5","","","","1"
"2019","Nova Scotia","2016A000212","Chained (2012) dollars","All industries [T001]","Dollars","81","millions","6","v62465129","3.2.1","37441.0","","","","1"
"2000","New Brunswick","2016A000213","Chained (2012) dollars","All industries [T001]","Dollars","81","millions","6","v62465434","4.2.1","25058.0","","","","1"
"2001","New Brunswick","2016A000213","Chained (2012) dollars","All industries [T001]","Dollars","81","millions","6","v62465434","4.2.1","25444.8","","","","1"
"2002","New Brunswick","2016A000213","Chained (2012) dollars","All industries [T001]","Dollars","81","millions","6","v62465434","4.2.1","26653.8","","","","1"
"2003","New Brunswick","2016A000213","Chained (2012) dollars","All industries [T001]","Dollars","81","millions","6","v62465434","4.2.1","27240.8","","","","1"
"2004","New Brunswick","2016A000213","Chained (2012) dollars","All industries [T001]","Dollars","81","millions","6","v62465434","4.2.1","28008.6","","","","1"
"2005","New Brunswick","2016A000213","Chained (2012) dollars","All industries [T001]","Dollars","81","millions","6","v62465434","4.2.1","28281.0","","","","1"
"2006","New Brunswick","2016A000213","Chained (2012) dollars","All industries [T001]","Dollars","81","millions","6","v62465434","4.2.1","28787.2","","","","1"
"2007","New Brunswick","2016A000213","Chained (2012) dollars","All industries [T001]","Dollars","81","millions","6","v62465434","4.2.1","28962.4","","","","1"
"2008","New Brunswick","2016A000213","Chained (2012) dollars","All industries [T001]","Dollars","81","millions","6","v62465434","4.2.1","29215.2","","","","1"
"2009","New Brunswick","2016A000213","Chained (2012) dollars","All industries [T001]","Dollars","81","millions","6","v62465434","4.2.1","28802.1","","","","1"
"2010","New Brunswick","2016A000213","Chained (2012) dollars","All industries [T001]","Dollars","81","millions","6","v62465434","4.2.1","29404.4","","","","1"
"2011","New Brunswick","2016A000213","Chained (2012) dollars","All industries [T001]","Dollars","81","millions","6","v62465434","4.2.1","29467.6","","","","1"
"2012","New Brunswick","2016A000213","Chained (2012) dollars","All industries [T001]","Dollars","81","millions","6","v62465434","4.2.1","29117.4","","","","1"
"2013","New Brunswick","2016A000213","Chained (2012) dollars","All industries [T001]","Dollars","81","millions","6","v62465434","4.2.1","29017.0","","","","1"
"2014","New Brunswick","2016A000213","Chained (2012) dollars","All industries [T001]","Dollars","81","millions","6","v62465434","4.2.1","29039.6","","","","1"
"2015","New Brunswick","2016A000213","Chained (2012) dollars","All industries [T001]","Dollars","81","millions","6","v62465434","4.2.1","29275.7","","","","1"
"2016","New Brunswick","2016A000213","Chained (2012) dollars","All industries [T001]","Dollars","81","millions","6","v62465434","4.2.1","29546.0","","","","1"
"2017","New Brunswick","2016A000213","Chained (2012) dollars","All industries [T001]","Dollars","81","millions","6","v62465434","4.2.1","30223.9","","","","1"
"2018","New Brunswick","2016A000213","Chained (2012) dollars","All industries [T001]","Dollars","81","millions","6","v62465434","4.2.1","30446.6","","","","1"
"2019","New Brunswick","2016A000213","Chained (2012) dollars","All industries [T001]","Dollars","81","millions","6","v62465434","4.2.1","30745.4","","","","1"
"2000","Quebec","2016A000224","Chained (2012) dollars","All industries [T001]","Dollars","81","millions","6","v62465739","5.2.1","270025.0","","","","1"
"2001","Quebec","2016A000224","Chained (2012) dollars","All industries [T001]","Dollars","81","millions","6","v62465739","5.2.1","274723.3","","","","1"
"2002","Quebec","2016A000224","Chained (2012) dollars","All industries [T001]","Dollars","81","millions","6","v62465739","5.2.1","282805.5","","","","1"
"2003","Quebec","2016A000224","Chained (2012) dollars","All industries [T001]","Dollars","81","millions","6","v62465739","5.2.1","286045.6","","","","1"
"2004","Quebec","2016A000224","Chained (2012) dollars","All industries [T001]","Dollars","81","millions","6","v62465739","5.2.1","293280.1","","","","1"
"2005","Quebec","2016A000224","Chained (2012) dollars","All industries [T001]","Dollars","81","millions","6","v62465739","5.2.1","297892.2","","","","1"
"2006","Quebec","2016A000224","Chained (2012) dollars","All industries [T001]","Dollars","81","millions","6","v62465739","5.2.1","301495.8","","","","1"
"2007","Quebec","2016A000224","Chained (2012) dollars","All industries [T001]","Dollars","81","millions","6","v62465739","5.2.1","309161.5","","","","1"
"2008","Quebec","2016A000224","Chained (2012) dollars","All industries [T001]","Dollars","81","millions","6","v62465739","5.2.1","314535.2","","","","1"
"2009","Quebec","2016A000224","Chained (2012) dollars","All industries [T001]","Dollars","81","millions","6","v62465739","5.2.1","311089.2","","","","1"
"2010","Quebec","2016A000224","Chained (2012) dollars","All industries [T001]","Dollars","81","millions","6","v62465739","5.2.1","317802.1","","","","1"
"2011","Quebec","2016A000224","Chained (2012) dollars","All industries [T001]","Dollars","81","millions","6","v62465739","5.2.1","324565.7","","","","1"
"2012","Quebec","2016A000224","Chained (2012) dollars","All industries [T001]","Dollars","81","millions","6","v62465739","5.2.1","328854.6","","","","1"
"2013","Quebec","2016A000224","Chained (2012) dollars","All industries [T001]","Dollars","81","millions","6","v62465739","5.2.1","333047.8","","","","1"
"2014","Quebec","2016A000224","Chained (2012) dollars","All industries [T001]","Dollars","81","millions","6","v62465739","5.2.1","338319.0","","","","1"
"2015","Quebec","2016A000224","Chained (2012) dollars","All industries [T001]","Dollars","81","millions","6","v62465739","5.2.1","341688.0","","","","1"
"2016","Quebec","2016A000224","Chained (2012) dollars","All industries [T001]","Dollars","81","millions","6","v62465739","5.2.1","347197.7","","","","1"
"2017","Quebec","2016A000224","Chained (2012) dollars","All industries [T001]","Dollars","81","millions","6","v62465739","5.2.1","357285.7","","","","1"
"2018","Quebec","2016A000224","Chained (2012) dollars","All industries [T001]","Dollars","81","millions","6","v62465739","5.2.1","367074.8","","","","1"
"2019","Quebec","2016A000224","Chained (2012) dollars","All industries [T001]","Dollars","81","millions","6","v62465739","5.2.1","377043.2","","","","1"
"2000","Ontario","2016A000235","Chained (2012) dollars","All industries [T001]","Dollars","81","millions","6","v62466044","6.2.1","527438.0","","","","1"
"2001","Ontario","2016A000235","Chained (2012) dollars","All industries [T001]","Dollars","81","millions","6","v62466044","6.2.1","536953.5","","","","1"
"2002","Ontario","2016A000235","Chained (2012) dollars","All industries [T001]","Dollars","81","millions","6","v62466044","6.2.1","555154.7","","","","1"
"2003","Ontario","2016A000235","Chained (2012) dollars","All industries [T001]","Dollars","81","millions","6","v62466044","6.2.1","561879.0","","","","1"
"2004","Ontario","2016A000235","Chained (2012) dollars","All industries [T001]","Dollars","81","millions","6","v62466044","6.2.1","577813.7","","","","1"
"2005","Ontario","2016A000235","Chained (2012) dollars","All industries [T001]","Dollars","81","millions","6","v62466044","6.2.1","596629.2","","","","1"
"2006","Ontario","2016A000235","Chained (2012) dollars","All industries [T001]","Dollars","81","millions","6","v62466044","6.2.1","608043.8","","","","1"
"2007","Ontario","2016A000235","Chained (2012) dollars","All industries [T001]","Dollars","81","millions","6","v62466044","6.2.1","613525.9","","","","1"
"2008","Ontario","2016A000235","Chained (2012) dollars","All industries [T001]","Dollars","81","millions","6","v62466044","6.2.1","611784.2","","","","1"
"2009","Ontario","2016A000235","Chained (2012) dollars","All industries [T001]","Dollars","81","millions","6","v62466044","6.2.1","591636.5","","","","1"
"2010","Ontario","2016A000235","Chained (2012) dollars","All industries [T001]","Dollars","81","millions","6","v62466044","6.2.1","609770.3","","","","1"
"2011","Ontario","2016A000235","Chained (2012) dollars","All industries [T001]","Dollars","81","millions","6","v62466044","6.2.1","625936.9","","","","1"
"2012","Ontario","2016A000235","Chained (2012) dollars","All industries [T001]","Dollars","81","millions","6","v62466044","6.2.1","634944.3","","","","1"
"2013","Ontario","2016A000235","Chained (2012) dollars","All industries [T001]","Dollars","81","millions","6","v62466044","6.2.1","643937.0","","","","1"
"2014","Ontario","2016A000235","Chained (2012) dollars","All industries [T001]","Dollars","81","millions","6","v62466044","6.2.1","659861.2","","","","1"
"2015","Ontario","2016A000235","Chained (2012) dollars","All industries [T001]","Dollars","81","millions","6","v62466044","6.2.1","677384.0","","","","1"
"2016","Ontario","2016A000235","Chained (2012) dollars","All industries [T001]","Dollars","81","millions","6","v62466044","6.2.1","692620.8","","","","1"
"2017","Ontario","2016A000235","Chained (2012) dollars","All industries [T001]","Dollars","81","millions","6","v62466044","6.2.1","713254.1","","","","1"
"2018","Ontario","2016A000235","Chained (2012) dollars","All industries [T001]","Dollars","81","millions","6","v62466044","6.2.1","730276.2","","","","1"
"2019","Ontario","2016A000235","Chained (2012) dollars","All industries [T001]","Dollars","81","millions","6","v62466044","6.2.1","744439.6","","","","1"
"2000","Manitoba","2016A000246","Chained (2012) dollars","All industries [T001]","Dollars","81","millions","6","v62466349","7.2.1","42734.1","","","","1"
"2001","Manitoba","2016A000246","Chained (2012) dollars","All industries [T001]","Dollars","81","millions","6","v62466349","7.2.1","43301.5","","","","1"
"2002","Manitoba","2016A000246","Chained (2012) dollars","All industries [T001]","Dollars","81","millions","6","v62466349","7.2.1","44031.4","","","","1"
"2003","Manitoba","2016A000246","Chained (2012) dollars","All industries [T001]","Dollars","81","millions","6","v62466349","7.2.1","44494.6","","","","1"
"2004","Manitoba","2016A000246","Chained (2012) dollars","All industries [T001]","Dollars","81","millions","6","v62466349","7.2.1","45727.8","","","","1"
"2005","Manitoba","2016A000246","Chained (2012) dollars","All industries [T001]","Dollars","81","millions","6","v62466349","7.2.1","47127.8","","","","1"
"2006","Manitoba","2016A000246","Chained (2012) dollars","All industries [T001]","Dollars","81","millions","6","v62466349","7.2.1","48918.3","","","","1"
"2007","Manitoba","2016A000246","Chained (2012) dollars","All industries [T001]","Dollars","81","millions","6","v62466349","7.2.1","50017.3","","","","1"
"2008","Manitoba","2016A000246","Chained (2012) dollars","All industries [T001]","Dollars","81","millions","6","v62466349","7.2.1","51668.8","","","","1"
"2009","Manitoba","2016A000246","Chained (2012) dollars","All industries [T001]","Dollars","81","millions","6","v62466349","7.2.1","51522.1","","","","1"
"2010","Manitoba","2016A000246","Chained (2012) dollars","All industries [T001]","Dollars","81","millions","6","v62466349","7.2.1","52841.8","","","","1"
"2011","Manitoba","2016A000246","Chained (2012) dollars","All industries [T001]","Dollars","81","millions","6","v62466349","7.2.1","54057.9","","","","1"
"2012","Manitoba","2016A000246","Chained (2012) dollars","All industries [T001]","Dollars","81","millions","6","v62466349","7.2.1","55676.4","","","","1"
"2013","Manitoba","2016A000246","Chained (2012) dollars","All industries [T001]","Dollars","81","millions","6","v62466349","7.2.1","57169.9","","","","1"
"2014","Manitoba","2016A000246","Chained (2012) dollars","All industries [T001]","Dollars","81","millions","6","v62466349","7.2.1","58276.3","","","","1"
"2015","Manitoba","2016A000246","Chained (2012) dollars","All industries [T001]","Dollars","81","millions","6","v62466349","7.2.1","59082.5","","","","1"
"2016","Manitoba","2016A000246","Chained (2012) dollars","All industries [T001]","Dollars","81","millions","6","v62466349","7.2.1","59966.8","","","","1"
"2017","Manitoba","2016A000246","Chained (2012) dollars","All industries [T001]","Dollars","81","millions","6","v62466349","7.2.1","61932.6","","","","1"
"2018","Manitoba","2016A000246","Chained (2012) dollars","All industries [T001]","Dollars","81","millions","6","v62466349","7.2.1","62862.5","","","","1"
"2019","Manitoba","2016A000246","Chained (2012) dollars","All industries [T001]","Dollars","81","millions","6","v62466349","7.2.1","63487.4","","","","1"
"2000","Saskatchewan","2016A000247","Chained (2012) dollars","All industries [T001]","Dollars","81","millions","6","v62466654","8.2.1","58198.3","","","","1"
"2001","Saskatchewan","2016A000247","Chained (2012) dollars","All industries [T001]","Dollars","81","millions","6","v62466654","8.2.1","57580.0","","","","1"
"2002","Saskatchewan","2016A000247","Chained (2012) dollars","All industries [T001]","Dollars","81","millions","6","v62466654","8.2.1","57517.3","","","","1"
"2003","Saskatchewan","2016A000247","Chained (2012) dollars","All industries [T001]","Dollars","81","millions","6","v62466654","8.2.1","60001.8","","","","1"
"2004","Saskatchewan","2016A000247","Chained (2012) dollars","All industries [T001]","Dollars","81","millions","6","v62466654","8.2.1","62708.6","","","","1"
"2005","Saskatchewan","2016A000247","Chained (2012) dollars","All industries [T001]","Dollars","81","millions","6","v62466654","8.2.1","64170.3","","","","1"
"2006","Saskatchewan","2016A000247","Chained (2012) dollars","All industries [T001]","Dollars","81","millions","6","v62466654","8.2.1","63374.8","","","","1"
"2007","Saskatchewan","2016A000247","Chained (2012) dollars","All industries [T001]","Dollars","81","millions","6","v62466654","8.2.1","65908.5","","","","1"
"2008","Saskatchewan","2016A000247","Chained (2012) dollars","All industries [T001]","Dollars","81","millions","6","v62466654","8.2.1","69352.3","","","","1"
"2009","Saskatchewan","2016A000247","Chained (2012) dollars","All industries [T001]","Dollars","81","millions","6","v62466654","8.2.1","65649.2","","","","1"
"2010","Saskatchewan","2016A000247","Chained (2012) dollars","All industries [T001]","Dollars","81","millions","6","v62466654","8.2.1","68913.4","","","","1"
"2011","Saskatchewan","2016A000247","Chained (2012) dollars","All industries [T001]","Dollars","81","millions","6","v62466654","8.2.1","72611.6","","","","1"
"2012","Saskatchewan","2016A000247","Chained (2012) dollars","All industries [T001]","Dollars","81","millions","6","v62466654","8.2.1","73952.2","","","","1"
"2013","Saskatchewan","2016A000247","Chained (2012) dollars","All industries [T001]","Dollars","81","millions","6","v62466654","8.2.1","78708.5","","","","1"
"2014","Saskatchewan","2016A000247","Chained (2012) dollars","All industries [T001]","Dollars","81","millions","6","v62466654","8.2.1","80175.7","","","","1"
"2015","Saskatchewan","2016A000247","Chained (2012) dollars","All industries [T001]","Dollars","81","millions","6","v62466654","8.2.1","79574.2","","","","1"
"2016","Saskatchewan","2016A000247","Chained (2012) dollars","All industries [T001]","Dollars","81","millions","6","v62466654","8.2.1","79317.5","","","","1"
"2017","Saskatchewan","2016A000247","Chained (2012) dollars","All industries [T001]","Dollars","81","millions","6","v62466654","8.2.1","80844.7","","","","1"
"2018","Saskatchewan","2016A000247","Chained (2012) dollars","All industries [T001]","Dollars","81","millions","6","v62466654","8.2.1","82166.2","","","","1"
"2019","Saskatchewan","2016A000247","Chained (2012) dollars","All industries [T001]","Dollars","81","millions","6","v62466654","8.2.1","81540.7","","","","1"
"2000","Alberta","2016A000248","Chained (2012) dollars","All industries [T001]","Dollars","81","millions","6","v62466959","9.2.1","207779.6","","","","1"
"2001","Alberta","2016A000248","Chained (2012) dollars","All industries [T001]","Dollars","81","millions","6","v62466959","9.2.1","211558.0","","","","1"
"2002","Alberta","2016A000248","Chained (2012) dollars","All industries [T001]","Dollars","81","millions","6","v62466959","9.2.1","216775.7","","","","1"
"2003","Alberta","2016A000248","Chained (2012) dollars","All industries [T001]","Dollars","81","millions","6","v62466959","9.2.1","224711.1","","","","1"
"2004","Alberta","2016A000248","Chained (2012) dollars","All industries [T001]","Dollars","81","millions","6","v62466959","9.2.1","237664.3","","","","1"
"2005","Alberta","2016A000248","Chained (2012) dollars","All industries [T001]","Dollars","81","millions","6","v62466959","9.2.1","248615.4","","","","1"
"2006","Alberta","2016A000248","Chained (2012) dollars","All industries [T001]","Dollars","81","millions","6","v62466959","9.2.1","264843.4","","","","1"
"2007","Alberta","2016A000248","Chained (2012) dollars","All industries [T001]","Dollars","81","millions","6","v62466959","9.2.1","269988.8","","","","1"
"2008","Alberta","2016A000248","Chained (2012) dollars","All industries [T001]","Dollars","81","millions","6","v62466959","9.2.1","273513.8","","","","1"
"2009","Alberta","2016A000248","Chained (2012) dollars","All industries [T001]","Dollars","81","millions","6","v62466959","9.2.1","258933.9","","","","1"
"2010","Alberta","2016A000248","Chained (2012) dollars","All industries [T001]","Dollars","81","millions","6","v62466959","9.2.1","272172.0","","","","1"
"2011","Alberta","2016A000248","Chained (2012) dollars","All industries [T001]","Dollars","81","millions","6","v62466959","9.2.1","290513.8","","","","1"
"2012","Alberta","2016A000248","Chained (2012) dollars","All industries [T001]","Dollars","81","millions","6","v62466959","9.2.1","302130.7","","","","1"
"2013","Alberta","2016A000248","Chained (2012) dollars","All industries [T001]","Dollars","81","millions","6","v62466959","9.2.1","319548.1","","","","1"
"2014","Alberta","2016A000248","Chained (2012) dollars","All industries [T001]","Dollars","81","millions","6","v62466959","9.2.1","338262.6","","","","1"
"2015","Alberta","2016A000248","Chained (2012) dollars","All industries [T001]","Dollars","81","millions","6","v62466959","9.2.1","326476.7","","","","1"
"2016","Alberta","2016A000248","Chained (2012) dollars","All industries [T001]","Dollars","81","millions","6","v62466959","9.2.1","314599.4","","","","1"
"2017","Alberta","2016A000248","Chained (2012) dollars","All industries [T001]","Dollars","81","millions","6","v62466959","9.2.1","329904.6","","","","1"
"2018","Alberta","2016A000248","Chained (2012) dollars","All industries [T001]","Dollars","81","millions","6","v62466959","9.2.1","336281.3","","","","1"
"2019","Alberta","2016A000248","Chained (2012) dollars","All industries [T001]","Dollars","81","millions","6","v62466959","9.2.1","334172.2","","","","1"
"2000","British Columbia","2016A000259","Chained (2012) dollars","All industries [T001]","Dollars","81","millions","6","v62467264","10.2.1","154965.9","","","","1"
"2001","British Columbia","2016A000259","Chained (2012) dollars","All industries [T001]","Dollars","81","millions","6","v62467264","10.2.1","155830.5","","","","1"
"2002","British Columbia","2016A000259","Chained (2012) dollars","All industries [T001]","Dollars","81","millions","6","v62467264","10.2.1","161762.2","","","","1"
"2003","British Columbia","2016A000259","Chained (2012) dollars","All industries [T001]","Dollars","81","millions","6","v62467264","10.2.1","165799.6","","","","1"
"2004","British Columbia","2016A000259","Chained (2012) dollars","All industries [T001]","Dollars","81","millions","6","v62467264","10.2.1","172580.4","","","","1"
"2005","British Columbia","2016A000259","Chained (2012) dollars","All industries [T001]","Dollars","81","millions","6","v62467264","10.2.1","180855.0","","","","1"
"2006","British Columbia","2016A000259","Chained (2012) dollars","All industries [T001]","Dollars","81","millions","6","v62467264","10.2.1","189185.8","","","","1"
"2007","British Columbia","2016A000259","Chained (2012) dollars","All industries [T001]","Dollars","81","millions","6","v62467264","10.2.1","194682.7","","","","1"
"2008","British Columbia","2016A000259","Chained (2012) dollars","All industries [T001]","Dollars","81","millions","6","v62467264","10.2.1","195789.1","","","","1"
"2009","British Columbia","2016A000259","Chained (2012) dollars","All industries [T001]","Dollars","81","millions","6","v62467264","10.2.1","190709.2","","","","1"
"2010","British Columbia","2016A000259","Chained (2012) dollars","All industries [T001]","Dollars","81","millions","6","v62467264","10.2.1","195819.3","","","","1"
"2011","British Columbia","2016A000259","Chained (2012) dollars","All industries [T001]","Dollars","81","millions","6","v62467264","10.2.1","201413.0","","","","1"
"2012","British Columbia","2016A000259","Chained (2012) dollars","All industries [T001]","Dollars","81","millions","6","v62467264","10.2.1","206590.7","","","","1"
"2013","British Columbia","2016A000259","Chained (2012) dollars","All industries [T001]","Dollars","81","millions","6","v62467264","10.2.1","211555.3","","","","1"
"2014","British Columbia","2016A000259","Chained (2012) dollars","All industries [T001]","Dollars","81","millions","6","v62467264","10.2.1","219060.9","","","","1"
"2015","British Columbia","2016A000259","Chained (2012) dollars","All industries [T001]","Dollars","81","millions","6","v62467264","10.2.1","224153.4","","","","1"
"2016","British Columbia","2016A000259","Chained (2012) dollars","All industries [T001]","Dollars","81","millions","6","v62467264","10.2.1","230763.5","","","","1"
"2017","British Columbia","2016A000259","Chained (2012) dollars","All industries [T001]","Dollars","81","millions","6","v62467264","10.2.1","239852.3","","","","1"
"2018","British Columbia","2016A000259","Chained (2012) dollars","All industries [T001]","Dollars","81","millions","6","v62467264","10.2.1","246260.2","","","","1"
"2019","British Columbia","2016A000259","Chained (2012) dollars","All industries [T001]","Dollars","81","millions","6","v62467264","10.2.1","253048.7","","","","1"
"2000","Yukon","2016A000260","Chained (2012) dollars","All industries [T001]","Dollars","81","millions","6","v62467569","11.2.1","1536.0","","","","1"
"2001","Yukon","2016A000260","Chained (2012) dollars","All industries [T001]","Dollars","81","millions","6","v62467569","11.2.1","1599.9","","","","1"
"2002","Yukon","2016A000260","Chained (2012) dollars","All industries [T001]","Dollars","81","millions","6","v62467569","11.2.1","1585.7","","","","1"
"2003","Yukon","2016A000260","Chained (2012) dollars","All industries [T001]","Dollars","81","millions","6","v62467569","11.2.1","1571.7","","","","1"
"2004","Yukon","2016A000260","Chained (2012) dollars","All industries [T001]","Dollars","81","millions","6","v62467569","11.2.1","1648.7","","","","1"
"2005","Yukon","2016A000260","Chained (2012) dollars","All industries [T001]","Dollars","81","millions","6","v62467569","11.2.1","1685.6","","","","1"
"2006","Yukon","2016A000260","Chained (2012) dollars","All industries [T001]","Dollars","81","millions","6","v62467569","11.2.1","1764.0","","","","1"
"2007","Yukon","2016A000260","Chained (2012) dollars","All industries [T001]","Dollars","81","millions","6","v62467569","11.2.1","1853.8","","","","1"
"2008","Yukon","2016A000260","Chained (2012) dollars","All industries [T001]","Dollars","81","millions","6","v62467569","11.2.1","2033.0","","","","1"
"2009","Yukon","2016A000260","Chained (2012) dollars","All industries [T001]","Dollars","81","millions","6","v62467569","11.2.1","2159.6","","","","1"
"2010","Yukon","2016A000260","Chained (2012) dollars","All industries [T001]","Dollars","81","millions","6","v62467569","11.2.1","2253.5","","","","1"
"2011","Yukon","2016A000260","Chained (2012) dollars","All industries [T001]","Dollars","81","millions","6","v62467569","11.2.1","2363.6","","","","1"
"2012","Yukon","2016A000260","Chained (2012) dollars","All industries [T001]","Dollars","81","millions","6","v62467569","11.2.1","2457.6","","","","1"
"2013","Yukon","2016A000260","Chained (2012) dollars","All industries [T001]","Dollars","81","millions","6","v62467569","11.2.1","2494.6","","","","1"
"2014","Yukon","2016A000260","Chained (2012) dollars","All industries [T001]","Dollars","81","millions","6","v62467569","11.2.1","2510.9","","","","1"
"2015","Yukon","2016A000260","Chained (2012) dollars","All industries [T001]","Dollars","81","millions","6","v62467569","11.2.1","2320.2","","","","1"
"2016","Yukon","2016A000260","Chained (2012) dollars","All industries [T001]","Dollars","81","millions","6","v62467569","11.2.1","2487.6","","","","1"
"2017","Yukon","2016A000260","Chained (2012) dollars","All industries [T001]","Dollars","81","millions","6","v62467569","11.2.1","2511.8","","","","1"
"2018","Yukon","2016A000260","Chained (2012) dollars","All industries [T001]","Dollars","81","millions","6","v62467569","11.2.1","2593.2","","","","1"
"2019","Yukon","2016A000260","Chained (2012) dollars","All industries [T001]","Dollars","81","millions","6","v62467569","11.2.1","2618.3","","","","1"
"2000","Northwest Territories","2016A000261","Chained (2012) dollars","All industries [T001]","Dollars","81","millions","6","v62467874","12.2.1","3483.8","","","","1"
"2001","Northwest Territories","2016A000261","Chained (2012) dollars","All industries [T001]","Dollars","81","millions","6","v62467874","12.2.1","4212.4","","","","1"
"2002","Northwest Territories","2016A000261","Chained (2012) dollars","All industries [T001]","Dollars","81","millions","6","v62467874","12.2.1","4514.4","","","","1"
"2003","Northwest Territories","2016A000261","Chained (2012) dollars","All industries [T001]","Dollars","81","millions","6","v62467874","12.2.1","5122.8","","","","1"
"2004","Northwest Territories","2016A000261","Chained (2012) dollars","All industries [T001]","Dollars","81","millions","6","v62467874","12.2.1","5249.3","","","","1"
"2005","Northwest Territories","2016A000261","Chained (2012) dollars","All industries [T001]","Dollars","81","millions","6","v62467874","12.2.1","5180.1","","","","1"
"2006","Northwest Territories","2016A000261","Chained (2012) dollars","All industries [T001]","Dollars","81","millions","6","v62467874","12.2.1","5199.4","","","","1"
"2007","Northwest Territories","2016A000261","Chained (2012) dollars","All industries [T001]","Dollars","81","millions","6","v62467874","12.2.1","5655.2","","","","1"
"2008","Northwest Territories","2016A000261","Chained (2012) dollars","All industries [T001]","Dollars","81","millions","6","v62467874","12.2.1","5113.6","","","","1"
"2009","Northwest Territories","2016A000261","Chained (2012) dollars","All industries [T001]","Dollars","81","millions","6","v62467874","12.2.1","4581.2","","","","1"
"2010","Northwest Territories","2016A000261","Chained (2012) dollars","All industries [T001]","Dollars","81","millions","6","v62467874","12.2.1","4707.0","","","","1"
"2011","Northwest Territories","2016A000261","Chained (2012) dollars","All industries [T001]","Dollars","81","millions","6","v62467874","12.2.1","4273.9","","","","1"
"2012","Northwest Territories","2016A000261","Chained (2012) dollars","All industries [T001]","Dollars","81","millions","6","v62467874","12.2.1","4249.9","","","","1"
"2013","Northwest Territories","2016A000261","Chained (2012) dollars","All industries [T001]","Dollars","81","millions","6","v62467874","12.2.1","4367.3","","","","1"
"2014","Northwest Territories","2016A000261","Chained (2012) dollars","All industries [T001]","Dollars","81","millions","6","v62467874","12.2.1","4574.6","","","","1"
"2015","Northwest Territories","2016A000261","Chained (2012) dollars","All industries [T001]","Dollars","81","millions","6","v62467874","12.2.1","4621.3","","","","1"
"2016","Northwest Territories","2016A000261","Chained (2012) dollars","All industries [T001]","Dollars","81","millions","6","v62467874","12.2.1","4570.3","","","","1"
"2017","Northwest Territories","2016A000261","Chained (2012) dollars","All industries [T001]","Dollars","81","millions","6","v62467874","12.2.1","4642.7","","","","1"
"2018","Northwest Territories","2016A000261","Chained (2012) dollars","All industries [T001]","Dollars","81","millions","6","v62467874","12.2.1","4716.4","","","","1"
"2019","Northwest Territories","2016A000261","Chained (2012) dollars","All industries [T001]","Dollars","81","millions","6","v62467874","12.2.1","4301.5","","","","1"
"2000","Nunavut","2016A000262","Chained (2012) dollars","All industries [T001]","Dollars","81","millions","6","v62468179","13.2.1","1280.3","","","","1"
"2001","Nunavut","2016A000262","Chained (2012) dollars","All industries [T001]","Dollars","81","millions","6","v62468179","13.2.1","1361.4","","","","1"
"2002","Nunavut","2016A000262","Chained (2012) dollars","All industries [T001]","Dollars","81","millions","6","v62468179","13.2.1","1396.7","","","","1"
"2003","Nunavut","2016A000262","Chained (2012) dollars","All industries [T001]","Dollars","81","millions","6","v62468179","13.2.1","1397.4","","","","1"
"2004","Nunavut","2016A000262","Chained (2012) dollars","All industries [T001]","Dollars","81","millions","6","v62468179","13.2.1","1464.6","","","","1"
"2005","Nunavut","2016A000262","Chained (2012) dollars","All industries [T001]","Dollars","81","millions","6","v62468179","13.2.1","1454.8","","","","1"
"2006","Nunavut","2016A000262","Chained (2012) dollars","All industries [T001]","Dollars","81","millions","6","v62468179","13.2.1","1473.3","","","","1"
"2007","Nunavut","2016A000262","Chained (2012) dollars","All industries [T001]","Dollars","81","millions","6","v62468179","13.2.1","1597.2","","","","1"
"2008","Nunavut","2016A000262","Chained (2012) dollars","All industries [T001]","Dollars","81","millions","6","v62468179","13.2.1","1808.0","","","","1"
"2009","Nunavut","2016A000262","Chained (2012) dollars","All industries [T001]","Dollars","81","millions","6","v62468179","13.2.1","1690.3","","","","1"
"2010","Nunavut","2016A000262","Chained (2012) dollars","All industries [T001]","Dollars","81","millions","6","v62468179","13.2.1","2004.3","","","","1"
"2011","Nunavut","2016A000262","Chained (2012) dollars","All industries [T001]","Dollars","81","millions","6","v62468179","13.2.1","2120.3","","","","1"
"2012","Nunavut","2016A000262","Chained (2012) dollars","All industries [T001]","Dollars","81","millions","6","v62468179","13.2.1","2173.1","","","","1"
"2013","Nunavut","2016A000262","Chained (2012) dollars","All industries [T001]","Dollars","81","millions","6","v62468179","13.2.1","2392.5","","","","1"
"2014","Nunavut","2016A000262","Chained (2012) dollars","All industries [T001]","Dollars","81","millions","6","v62468179","13.2.1","2362.6","","","","1"
"2015","Nunavut","2016A000262","Chained (2012) dollars","All industries [T001]","Dollars","81","millions","6","v62468179","13.2.1","2353.0","","","","1"
"2016","Nunavut","2016A000262","Chained (2012) dollars","All industries [T001]","Dollars","81","millions","6","v62468179","13.2.1","2479.2","","","","1"
"2017","Nunavut","2016A000262","Chained (2012) dollars","All industries [T001]","Dollars","81","millions","6","v62468179","13.2.1","2764.5","","","","1"
"2018","Nunavut","2016A000262","Chained (2012) dollars","All industries [T001]","Dollars","81","millions","6","v62468179","13.2.1","2974.1","","","","1"
"2019","Nunavut","2016A000262","Chained (2012) dollars","All industries [T001]","Dollars","81","millions","6","v62468179","13.2.1","3156.4","","","","1"


